CREATE DATABASE  IF NOT EXISTS `slop` /*!40100 DEFAULT CHARACTER SET utf8 COLLATE utf8_unicode_ci */;
USE `slop`;
-- MySQL dump 10.13  Distrib 5.5.32, for debian-linux-gnu (i686)
--
-- Host: localhost    Database: slop
-- ------------------------------------------------------
-- Server version	5.5.32-0ubuntu0.12.04.1

/*!40101 SET @OLD_CHARACTER_SET_CLIENT=@@CHARACTER_SET_CLIENT */;
/*!40101 SET @OLD_CHARACTER_SET_RESULTS=@@CHARACTER_SET_RESULTS */;
/*!40101 SET @OLD_COLLATION_CONNECTION=@@COLLATION_CONNECTION */;
/*!40101 SET NAMES utf8 */;
/*!40103 SET @OLD_TIME_ZONE=@@TIME_ZONE */;
/*!40103 SET TIME_ZONE='+00:00' */;
/*!40014 SET @OLD_UNIQUE_CHECKS=@@UNIQUE_CHECKS, UNIQUE_CHECKS=0 */;
/*!40014 SET @OLD_FOREIGN_KEY_CHECKS=@@FOREIGN_KEY_CHECKS, FOREIGN_KEY_CHECKS=0 */;
/*!40101 SET @OLD_SQL_MODE=@@SQL_MODE, SQL_MODE='NO_AUTO_VALUE_ON_ZERO' */;
/*!40111 SET @OLD_SQL_NOTES=@@SQL_NOTES, SQL_NOTES=0 */;

--
-- Table structure for table `eventos`
--

DROP TABLE IF EXISTS `eventos`;
/*!40101 SET @saved_cs_client     = @@character_set_client */;
/*!40101 SET character_set_client = utf8 */;
CREATE TABLE `eventos` (
  `id` int(11) NOT NULL AUTO_INCREMENT,
  `fecha` date DEFAULT NULL,
  `registro` decimal(7,2) DEFAULT NULL,
  `decimal` decimal(7,2) DEFAULT NULL,
  `unidad` varchar(255) COLLATE utf8_unicode_ci DEFAULT NULL,
  `desc` text COLLATE utf8_unicode_ci,
  `eventotipo_id` int(11) DEFAULT NULL,
  `created_at` datetime DEFAULT NULL,
  `updated_at` datetime DEFAULT NULL,
  PRIMARY KEY (`id`),
  KEY `index_eventos_on_eventotipo_id` (`eventotipo_id`)
) ENGINE=InnoDB DEFAULT CHARSET=utf8 COLLATE=utf8_unicode_ci;
/*!40101 SET character_set_client = @saved_cs_client */;

--
-- Dumping data for table `eventos`
--

LOCK TABLES `eventos` WRITE;
/*!40000 ALTER TABLE `eventos` DISABLE KEYS */;
/*!40000 ALTER TABLE `eventos` ENABLE KEYS */;
UNLOCK TABLES;

--
-- Table structure for table `transacciones`
--

DROP TABLE IF EXISTS `transacciones`;
/*!40101 SET @saved_cs_client     = @@character_set_client */;
/*!40101 SET character_set_client = utf8 */;
CREATE TABLE `transacciones` (
  `id` int(11) NOT NULL AUTO_INCREMENT,
  `fecha` date DEFAULT NULL,
  `importe` decimal(12,2) DEFAULT NULL,
  `cuotascantidad` int(11) DEFAULT NULL,
  `created_at` datetime DEFAULT NULL,
  `updated_at` datetime DEFAULT NULL,
  `ctaD_id` int(11) DEFAULT NULL,
  `ctaH_id` int(11) DEFAULT NULL,
  `transacciontipo_id` int(11) DEFAULT NULL,
  `empresa_id` int(11) DEFAULT NULL,
  `desc` text COLLATE utf8_unicode_ci,
  `valorCuota` decimal(12,2) DEFAULT NULL,
  `rmensuales` tinyint(1) DEFAULT NULL,
  PRIMARY KEY (`id`),
  KEY `index_transacciones_on_ctaD_id` (`ctaD_id`),
  KEY `index_transacciones_on_ctaH_id` (`ctaH_id`),
  KEY `index_transacciones_on_transacciontipo_id` (`transacciontipo_id`),
  KEY `index_transacciones_on_empresa_id` (`empresa_id`)
) ENGINE=InnoDB AUTO_INCREMENT=46 DEFAULT CHARSET=utf8 COLLATE=utf8_unicode_ci;
/*!40101 SET character_set_client = @saved_cs_client */;

--
-- Dumping data for table `transacciones`
--

LOCK TABLES `transacciones` WRITE;
/*!40000 ALTER TABLE `transacciones` DISABLE KEYS */;
INSERT INTO `transacciones` VALUES (7,'2013-09-04',1909.00,12,'2013-09-04 22:19:14','2013-09-04 22:19:14',4,4,2,7,'\r\n',159.08,0),(22,'2013-10-01',6200.00,2,'2013-09-22 19:51:20','2013-09-22 19:51:20',220,208,2,10,'ALQUILER',3100.00,1),(23,'2013-10-05',21000.00,3,'2013-09-22 20:34:39','2013-09-22 20:39:21',184,212,1,10,'SUELDO FLOPPY',7000.00,1),(24,'2013-10-15',3000.00,1,'2013-09-22 20:35:24','2013-09-22 20:35:24',189,213,1,10,'TASA DE JUSTICIA',3000.00,0),(25,'2013-12-15',3500.00,1,'2013-09-22 20:36:05','2013-09-22 20:36:05',189,213,1,10,'SAC FLOPPY',3500.00,0),(26,'2013-10-01',21000.00,3,'2013-09-22 20:38:18','2013-09-22 21:44:22',187,212,1,10,'SUELDO JOSE',7000.00,0),(27,'2013-10-01',6000.00,3,'2013-09-22 20:38:50','2013-09-22 20:38:50',187,212,1,10,'BONOS',2000.00,0),(28,'2013-10-20',1920.00,3,'2013-09-22 21:04:16','2013-09-22 21:21:17',220,184,2,10,'SEGURO',640.00,1),(29,'2013-10-05',630.00,3,'2013-09-22 21:04:57','2013-09-22 21:05:11',220,184,2,10,'TELERED',210.00,1),(30,'2013-12-15',3500.00,1,'2013-09-22 21:05:47','2013-09-22 21:05:47',187,212,1,10,'SAC JOSE',3500.00,0),(31,'2013-12-01',4100.00,1,'2013-09-22 21:09:42','2013-09-22 21:09:42',220,208,2,10,'ALQUILER NUEVO IMPORTE',4100.00,0),(32,'2013-12-01',4100.00,1,'2013-09-22 21:10:18','2013-09-22 21:10:18',220,208,2,10,'COMISIÓN FINCAS',4100.00,0),(33,'2013-12-01',1500.00,1,'2013-09-22 21:11:32','2013-09-22 21:11:32',220,208,2,10,'DEPOSITO DE ALQUILER DIFERENCIA (4100-2600 =1500)',1500.00,0),(34,'2013-09-15',550.00,1,'2013-09-22 21:14:45','2013-09-22 21:14:45',205,187,5,10,'ADELANTO EN TARJETA QUEDA A CRÉDITO',550.00,0),(35,'2013-09-22',3300.00,1,'2013-09-22 21:26:09','2013-09-22 21:56:46',186,210,5,10,'SALDOS INICIALES',3300.00,0),(36,'2013-09-22',46.00,1,'2013-09-22 21:26:40','2013-09-22 21:26:40',186,210,5,10,'SALDOS INCIALES',46.00,0),(39,'2013-09-22',22000.00,1,'2013-09-22 21:57:38','2013-09-22 21:57:38',189,210,5,10,'SALDOS INICIALES FLOPPY',22000.00,0),(40,'2013-10-15',450.00,1,'2013-09-22 21:58:13','2013-09-22 21:58:13',231,208,2,10,'CURSO PARTO',450.00,0),(41,'2013-10-15',3000.00,1,'2013-09-22 21:59:11','2013-09-22 21:59:11',231,208,2,10,'TRINIDAD SAN ISIDRO',3000.00,0),(42,'2013-10-16',972.16,7,'2013-09-22 22:05:24','2013-09-22 22:09:10',231,203,2,10,'LAN SALTA CABALGATA',138.88,0),(43,'2013-09-23',166.00,8,'2013-09-22 22:06:36','2013-09-22 22:08:40',231,203,2,10,'CUOTA FRAVEGA',20.75,0),(44,'2013-09-29',1257.50,10,'2013-09-22 22:07:37','2013-09-22 22:07:37',227,203,2,10,'MAQUINA COSER',125.75,0),(45,'2013-10-05',125.00,1,'2013-09-22 22:08:16','2013-09-22 22:09:49',231,203,2,10,'ZAPATOS',125.00,0);
/*!40000 ALTER TABLE `transacciones` ENABLE KEYS */;
UNLOCK TABLES;

--
-- Table structure for table `users`
--

DROP TABLE IF EXISTS `users`;
/*!40101 SET @saved_cs_client     = @@character_set_client */;
/*!40101 SET character_set_client = utf8 */;
CREATE TABLE `users` (
  `id` int(11) NOT NULL AUTO_INCREMENT,
  `usuario` varchar(255) COLLATE utf8_unicode_ci DEFAULT NULL,
  `password_digest` varchar(255) COLLATE utf8_unicode_ci DEFAULT NULL,
  `created_at` datetime NOT NULL,
  `updated_at` datetime NOT NULL,
  PRIMARY KEY (`id`)
) ENGINE=InnoDB AUTO_INCREMENT=8 DEFAULT CHARSET=utf8 COLLATE=utf8_unicode_ci;
/*!40101 SET character_set_client = @saved_cs_client */;

--
-- Dumping data for table `users`
--

LOCK TABLES `users` WRITE;
/*!40000 ALTER TABLE `users` DISABLE KEYS */;
INSERT INTO `users` VALUES (4,'ALFREDO','$2a$10$AV7LtGMuSXBwmJgVAbaMEu8PpbtQh90CesguvW3FbCT6XhotYw.L2','2013-07-26 21:49:26','2013-08-16 23:57:46'),(6,'PONY','$2a$10$MeMuPAet46qML6fyyrkdMuY2UEEroQ2v0h0jOHzSNM9XXo7v5usPS','2013-07-31 12:55:50','2013-09-03 20:50:55'),(7,'TUQUI','$2a$10$HXKcmVFHJNRv29wOqAtV1.P1cVgbHw.Ez/mWGYLCDWLsZSMJLOh42','2013-08-05 13:48:04','2013-08-17 00:07:00');
/*!40000 ALTER TABLE `users` ENABLE KEYS */;
UNLOCK TABLES;

--
-- Table structure for table `tipo_accs`
--

DROP TABLE IF EXISTS `tipo_accs`;
/*!40101 SET @saved_cs_client     = @@character_set_client */;
/*!40101 SET character_set_client = utf8 */;
CREATE TABLE `tipo_accs` (
  `id` int(11) NOT NULL AUTO_INCREMENT,
  `nombre` varchar(255) COLLATE utf8_unicode_ci DEFAULT NULL,
  `codigo` int(11) DEFAULT NULL,
  `created_at` datetime NOT NULL,
  `updated_at` datetime NOT NULL,
  PRIMARY KEY (`id`)
) ENGINE=InnoDB AUTO_INCREMENT=14 DEFAULT CHARSET=utf8 COLLATE=utf8_unicode_ci;
/*!40101 SET character_set_client = @saved_cs_client */;

--
-- Dumping data for table `tipo_accs`
--

LOCK TABLES `tipo_accs` WRITE;
/*!40000 ALTER TABLE `tipo_accs` DISABLE KEYS */;
INSERT INTO `tipo_accs` VALUES (1,'RECUENTO POSITIVO',1,'2013-04-02 15:33:44','2013-04-10 21:01:51'),(2,'NACIMIENTO',2,'2013-04-02 15:34:03','2013-04-02 15:34:03'),(3,'PARTO',0,'2013-04-02 15:34:20','2013-04-02 15:34:20'),(4,'MUERTE',-2,'2013-04-02 15:34:29','2013-04-10 21:14:18'),(5,'TACTO',15,'2013-04-02 15:35:05','2013-04-03 03:23:37'),(6,'YERRA',15,'2013-04-02 15:35:23','2013-04-03 03:23:31'),(7,'DESTETE',15,'2013-04-02 15:35:40','2013-04-03 03:23:24'),(8,'CAMBIO DE CATEGORIA',11,'2013-04-03 03:24:01','2013-04-03 03:24:01'),(9,'RECUENTO NEGATIVO',-1,'2013-04-10 21:01:31','2013-04-10 21:14:30'),(10,'RECEPCION',3,'2013-04-10 21:02:37','2013-04-10 21:02:37'),(11,'REC. TRASLADO INTERNO',4,'2013-04-10 21:03:32','2013-04-10 21:03:32'),(12,'DESPACHO',-3,'2013-04-10 21:03:53','2013-04-10 21:03:53'),(13,'DESP. TRASLADO INTERNO',-4,'2013-04-10 21:04:32','2013-04-10 21:04:32');
/*!40000 ALTER TABLE `tipo_accs` ENABLE KEYS */;
UNLOCK TABLES;

--
-- Table structure for table `cuentas`
--

DROP TABLE IF EXISTS `cuentas`;
/*!40101 SET @saved_cs_client     = @@character_set_client */;
/*!40101 SET character_set_client = utf8 */;
CREATE TABLE `cuentas` (
  `id` int(11) NOT NULL AUTO_INCREMENT,
  `codigo` varchar(255) COLLATE utf8_unicode_ci DEFAULT NULL,
  `nombre` varchar(255) COLLATE utf8_unicode_ci DEFAULT NULL,
  `tipo` int(11) DEFAULT NULL,
  `created_at` datetime DEFAULT NULL,
  `updated_at` datetime DEFAULT NULL,
  `cierre` int(11) DEFAULT NULL,
  `empresa_id` int(11) DEFAULT NULL,
  PRIMARY KEY (`id`),
  KEY `index_cuentas_on_empresa_id` (`empresa_id`)
) ENGINE=InnoDB AUTO_INCREMENT=285 DEFAULT CHARSET=utf8 COLLATE=utf8_unicode_ci;
/*!40101 SET character_set_client = @saved_cs_client */;

--
-- Dumping data for table `cuentas`
--

LOCK TABLES `cuentas` WRITE;
/*!40000 ALTER TABLE `cuentas` DISABLE KEYS */;
INSERT INTO `cuentas` VALUES (180,'1','ACTIVO',0,NULL,NULL,NULL,10),(181,'1.1','ACTIVO CORRIENTE',0,NULL,NULL,NULL,10),(182,'1.1.1','CAJA',0,NULL,NULL,NULL,10),(184,'1.1.1.1','CAJA GENERAL $',1,NULL,NULL,NULL,10),(185,'1.1.2','BANCOS',0,NULL,NULL,NULL,10),(186,'1.1.2.3','GALICIA CA',1,NULL,NULL,NULL,10),(187,'1.1.2.2','BBVA CA',1,NULL,NULL,NULL,10),(188,'1.1.2.1','BBVA CTA CTE',1,NULL,NULL,NULL,10),(189,'1.1.2.4','PROV CA',1,NULL,NULL,NULL,10),(190,'1.1.3','CREDITOS',0,NULL,NULL,NULL,10),(191,'1.1.3.1','POR COBRAR',2,NULL,NULL,NULL,10),(192,'1.1.4','AHORROS',0,NULL,NULL,NULL,10),(193,'1.1.4.1','CAJA GRIS $',1,NULL,NULL,NULL,10),(194,'1.1.4.2','CAJA GRIS U$S',1,NULL,NULL,NULL,10),(195,'1.1.4.3','CAJA GRIS UY',1,NULL,NULL,NULL,10),(196,'1.1.4.4','CAJA GRIS REAIS',1,NULL,NULL,NULL,10),(197,'1.2','ACTIVO NO CORRIENTE',0,NULL,NULL,NULL,10),(198,'1.2.1','BIENES DE USO',0,NULL,NULL,NULL,10),(199,'1.2.1.1','RODADOS',4,NULL,NULL,NULL,10),(200,'2','PASIVO',0,NULL,NULL,NULL,10),(201,'2.1','PASIVO CORRIENTE',0,NULL,NULL,NULL,10),(202,'2.1.2','DEUDAS',0,NULL,NULL,NULL,10),(203,'2.1.2.1','BBVA VISA',3,NULL,NULL,NULL,10),(204,'2.1.2.2','BBVA MASTER',3,NULL,NULL,NULL,10),(205,'2.1.2.3','GALICIA VISA',3,NULL,NULL,NULL,10),(206,'2.1.2.4','PROV VISA',3,NULL,NULL,NULL,10),(207,'2.1.2.5','HSBC VISA',3,NULL,NULL,NULL,10),(208,'2.1.2.5','SERVICIOS A PAGAR',3,NULL,NULL,NULL,10),(209,'3','PATRIMONIO',0,NULL,NULL,NULL,10),(210,'3.1.0.1','CAPITAL',5,NULL,'2013-09-17 22:32:32',NULL,10),(211,'4','INGRESOS',0,NULL,NULL,NULL,10),(212,'4.1.1.1','SUELDO JOSE',6,NULL,NULL,NULL,10),(213,'4.1.1.2','SUELDO FLO',6,NULL,NULL,NULL,10),(214,'4.1.1.3','VET',6,NULL,NULL,NULL,10),(215,'4.1.1.4','SLOP',6,NULL,NULL,NULL,10),(216,'4.1.1.5','BENDITO CAMINO',6,NULL,NULL,NULL,10),(217,'4.1.1.6','REGALOS',6,NULL,NULL,NULL,10),(218,'5','EGRESOS',0,NULL,NULL,NULL,10),(219,'5.1','CASA',0,NULL,NULL,NULL,10),(220,'5.1.1.1','ALQUILER',7,NULL,NULL,NULL,10),(221,'5.1.1.2','SUPERMERCADO',7,NULL,NULL,NULL,10),(222,'5.1.1.3','SERVICIOS',7,NULL,NULL,NULL,10),(223,'5.2','AUTO',0,NULL,NULL,NULL,10),(224,'5.2.1.1','AUTO',7,NULL,NULL,NULL,10),(225,'5.3','GENERALES',0,NULL,NULL,NULL,10),(226,'5.3.1.1','VIAJES',7,NULL,NULL,NULL,10),(227,'5.3.1.2','REGALOS',7,NULL,NULL,NULL,10),(228,'5.3.1.3','GENERALES',7,NULL,NULL,NULL,10),(229,'5.3.1.5','ALMUERZOS',7,NULL,NULL,NULL,10),(230,'5.3.1.6','EDUCACION',7,NULL,NULL,NULL,10),(231,'5.3.1.7','EXTRA ORDINARIOS',7,NULL,NULL,NULL,10),(232,'5.3.1.8','ENTRETENIMIENTO',7,NULL,NULL,NULL,10),(233,'1','ACTIVO',0,'2013-09-22 23:38:14','2013-09-22 23:38:14',NULL,9),(234,'1.1','ACTIVO CORRIENTE',0,'2013-09-22 23:38:14','2013-09-22 23:38:14',NULL,9),(235,'1.1.1','CAJA',0,'2013-09-22 23:38:14','2013-09-22 23:38:14',NULL,9),(236,'1.1.1.1','CAJA GENERAL $',1,'2013-09-22 23:38:15','2013-09-22 23:38:15',NULL,9),(237,'1.1.2','BANCOS',0,'2013-09-22 23:38:15','2013-09-22 23:38:15',NULL,9),(238,'1.1.2.3','GALICIA CA',1,'2013-09-22 23:38:15','2013-09-22 23:38:15',NULL,9),(239,'1.1.2.2','BBVA CA',1,'2013-09-22 23:38:15','2013-09-22 23:38:15',NULL,9),(240,'1.1.2.1','BBVA CTA CTE',1,'2013-09-22 23:38:16','2013-09-22 23:38:16',NULL,9),(241,'1.1.2.4','PROV CA',1,'2013-09-22 23:38:16','2013-09-22 23:38:16',NULL,9),(242,'1.1.3','CREDITOS',0,'2013-09-22 23:38:16','2013-09-22 23:38:16',NULL,9),(243,'1.1.3.1','POR COBRAR',2,'2013-09-22 23:38:16','2013-09-22 23:38:16',NULL,9),(244,'1.1.4','AHORROS',0,'2013-09-22 23:38:16','2013-09-22 23:38:16',NULL,9),(245,'1.1.4.1','CAJA GRIS $',1,'2013-09-22 23:38:16','2013-09-22 23:38:16',NULL,9),(246,'1.1.4.2','CAJA GRIS U$S',1,'2013-09-22 23:38:16','2013-09-22 23:38:16',NULL,9),(247,'1.1.4.3','CAJA GRIS UY',1,'2013-09-22 23:38:16','2013-09-22 23:38:16',NULL,9),(248,'1.1.4.4','CAJA GRIS REAIS',1,'2013-09-22 23:38:17','2013-09-22 23:38:17',NULL,9),(249,'1.2','ACTIVO NO CORRIENTE',0,'2013-09-22 23:38:17','2013-09-22 23:38:17',NULL,9),(250,'1.2.1','BIENES DE USO',0,'2013-09-22 23:38:17','2013-09-22 23:38:17',NULL,9),(251,'1.2.1.1','RODADOS',4,'2013-09-22 23:38:17','2013-09-22 23:38:17',NULL,9),(252,'2','PASIVO',0,'2013-09-22 23:38:17','2013-09-22 23:38:17',NULL,9),(253,'2.1','PASIVO CORRIENTE',0,'2013-09-22 23:38:18','2013-09-22 23:38:18',NULL,9),(254,'2.1.2','DEUDAS',0,'2013-09-22 23:38:18','2013-09-22 23:38:18',NULL,9),(255,'2.1.2.1','BBVA VISA',3,'2013-09-22 23:38:18','2013-09-22 23:38:18',NULL,9),(256,'2.1.2.2','BBVA MASTER',3,'2013-09-22 23:38:18','2013-09-22 23:38:18',NULL,9),(257,'2.1.2.3','GALICIA VISA',3,'2013-09-22 23:38:18','2013-09-22 23:38:18',NULL,9),(258,'2.1.2.4','PROV VISA',3,'2013-09-22 23:38:18','2013-09-22 23:38:18',NULL,9),(259,'2.1.2.5','HSBC VISA',3,'2013-09-22 23:38:18','2013-09-22 23:38:18',NULL,9),(260,'2.1.2.5','SERVICIOS A PAGAR',3,'2013-09-22 23:38:18','2013-09-22 23:38:18',NULL,9),(261,'3','PATRIMONIO',0,'2013-09-22 23:38:18','2013-09-22 23:38:18',NULL,9),(262,'3.1.0.1','CAPITAL',5,'2013-09-22 23:38:18','2013-09-22 23:38:18',NULL,9),(263,'4','INGRESOS',0,'2013-09-22 23:38:18','2013-09-22 23:38:18',NULL,9),(264,'4.1.1.1','SUELDO JOSE',6,'2013-09-22 23:38:18','2013-09-22 23:38:18',NULL,9),(265,'4.1.1.2','SUELDO FLO',6,'2013-09-22 23:38:18','2013-09-22 23:38:18',NULL,9),(266,'4.1.1.3','VET',6,'2013-09-22 23:38:18','2013-09-22 23:38:18',NULL,9),(267,'4.1.1.4','SLOP',6,'2013-09-22 23:38:18','2013-09-22 23:38:18',NULL,9),(268,'4.1.1.5','BENDITO CAMINO',6,'2013-09-22 23:38:19','2013-09-22 23:38:19',NULL,9),(269,'4.1.1.6','REGALOS',6,'2013-09-22 23:38:19','2013-09-22 23:38:19',NULL,9),(270,'5','EGRESOS',0,'2013-09-22 23:38:19','2013-09-22 23:38:19',NULL,9),(271,'5.1','CASA',0,'2013-09-22 23:38:19','2013-09-22 23:38:19',NULL,9),(272,'5.1.1.1','ALQUILER',7,'2013-09-22 23:38:19','2013-09-22 23:38:19',NULL,9),(273,'5.1.1.2','SUPERMERCADO',7,'2013-09-22 23:38:19','2013-09-22 23:38:19',NULL,9),(274,'5.1.1.3','SERVICIOS',7,'2013-09-22 23:38:19','2013-09-22 23:38:19',NULL,9),(275,'5.2','AUTO',0,'2013-09-22 23:38:19','2013-09-22 23:38:19',NULL,9),(276,'5.2.1.1','AUTO',7,'2013-09-22 23:38:19','2013-09-22 23:38:19',NULL,9),(277,'5.3','GENERALES',0,'2013-09-22 23:38:19','2013-09-22 23:38:19',NULL,9),(278,'5.3.1.1','VIAJES',7,'2013-09-22 23:38:19','2013-09-22 23:38:19',NULL,9),(279,'5.3.1.2','REGALOS',7,'2013-09-22 23:38:19','2013-09-22 23:38:19',NULL,9),(280,'5.3.1.3','GENERALES',7,'2013-09-22 23:38:19','2013-09-22 23:38:19',NULL,9),(281,'5.3.1.5','ALMUERZOS',7,'2013-09-22 23:38:19','2013-09-22 23:38:19',NULL,9),(282,'5.3.1.6','EDUCACION',7,'2013-09-22 23:38:19','2013-09-22 23:38:19',NULL,9),(283,'5.3.1.7','EXTRA ORDINARIOS',7,'2013-09-22 23:38:19','2013-09-22 23:38:19',NULL,9),(284,'5.3.1.8','ENTRETENIMIENTO',7,'2013-09-22 23:38:20','2013-09-22 23:38:20',NULL,9);
/*!40000 ALTER TABLE `cuentas` ENABLE KEYS */;
UNLOCK TABLES;

--
-- Table structure for table `asientos`
--

DROP TABLE IF EXISTS `asientos`;
/*!40101 SET @saved_cs_client     = @@character_set_client */;
/*!40101 SET character_set_client = utf8 */;
CREATE TABLE `asientos` (
  `id` int(11) NOT NULL AUTO_INCREMENT,
  `fecha` date DEFAULT NULL,
  `debe` decimal(12,2) DEFAULT NULL,
  `haber` decimal(12,2) DEFAULT NULL,
  `cuenta_id` int(11) DEFAULT NULL,
  `transaccion_id` int(11) DEFAULT NULL,
  `cuota_id` int(11) DEFAULT NULL,
  `created_at` datetime DEFAULT NULL,
  `updated_at` datetime DEFAULT NULL,
  `desc` text COLLATE utf8_unicode_ci,
  `empresa_id` int(11) DEFAULT NULL,
  PRIMARY KEY (`id`),
  KEY `index_asientos_on_transaccion_id` (`transaccion_id`),
  KEY `index_asientos_on_cuota_id` (`cuota_id`),
  KEY `index_asientos_on_empresa_id` (`empresa_id`)
) ENGINE=InnoDB AUTO_INCREMENT=248 DEFAULT CHARSET=utf8 COLLATE=utf8_unicode_ci;
/*!40101 SET character_set_client = @saved_cs_client */;

--
-- Dumping data for table `asientos`
--

LOCK TABLES `asientos` WRITE;
/*!40000 ALTER TABLE `asientos` DISABLE KEYS */;
INSERT INTO `asientos` VALUES (58,'2013-09-04',1909.00,NULL,4,7,NULL,'2013-09-04 22:19:16','2013-09-04 22:19:16','\r\n',7),(59,'2013-09-04',NULL,159.08,4,7,35,'2013-09-04 22:19:16','2013-09-04 22:19:16','CUOTA: 1 (\r\n)',7),(60,'2013-10-04',NULL,159.08,4,7,36,'2013-09-04 22:19:17','2013-09-04 22:19:17','CUOTA: 2 (\r\n)',7),(61,'2013-11-04',NULL,159.08,4,7,37,'2013-09-04 22:19:17','2013-09-04 22:19:17','CUOTA: 3 (\r\n)',7),(62,'2013-12-04',NULL,159.08,4,7,38,'2013-09-04 22:19:17','2013-09-04 22:19:17','CUOTA: 4 (\r\n)',7),(63,'2014-01-04',NULL,159.08,4,7,39,'2013-09-04 22:19:17','2013-09-04 22:19:17','CUOTA: 5 (\r\n)',7),(64,'2014-02-04',NULL,159.08,4,7,40,'2013-09-04 22:19:17','2013-09-04 22:19:17','CUOTA: 6 (\r\n)',7),(65,'2014-03-04',NULL,159.08,4,7,41,'2013-09-04 22:19:17','2013-09-04 22:19:17','CUOTA: 7 (\r\n)',7),(66,'2014-04-04',NULL,159.08,4,7,42,'2013-09-04 22:19:17','2013-09-04 22:19:17','CUOTA: 8 (\r\n)',7),(67,'2014-05-04',NULL,159.08,4,7,43,'2013-09-04 22:19:18','2013-09-04 22:19:18','CUOTA: 9 (\r\n)',7),(68,'2014-06-04',NULL,159.08,4,7,44,'2013-09-04 22:19:18','2013-09-04 22:19:18','CUOTA: 10 (\r\n)',7),(69,'2014-07-04',NULL,159.08,4,7,45,'2013-09-04 22:19:18','2013-09-04 22:19:18','CUOTA: 11 (\r\n)',7),(70,'2014-08-04',NULL,159.12,4,7,46,'2013-09-04 22:19:18','2013-09-04 22:19:18','CUOTA: 12 (\r\n)',7),(113,'2013-10-01',NULL,3100.00,208,22,83,'2013-09-22 19:51:21','2013-09-22 19:51:21','CUOTA: 1 (ALQUILER)',10),(114,'2013-10-01',3100.00,NULL,220,22,83,'2013-09-22 19:51:21','2013-09-22 19:51:21','RESULTADO X CUOTA: 1 (ALQUILER)',10),(115,'2013-11-01',NULL,3100.00,208,22,84,'2013-09-22 19:51:21','2013-09-22 19:51:21','CUOTA: 2 (ALQUILER)',10),(116,'2013-11-01',3100.00,NULL,220,22,84,'2013-09-22 19:51:21','2013-09-22 19:51:21','RESULTADO X CUOTA: 2 (ALQUILER)',10),(121,'2013-10-15',3000.00,NULL,189,24,88,'2013-09-22 20:35:25','2013-09-22 20:35:25','CUOTA: 1 (TASA DE JUSTICIA)',10),(122,'2013-10-15',NULL,3000.00,213,24,NULL,'2013-09-22 20:35:25','2013-09-22 20:35:25','TASA DE JUSTICIA',10),(123,'2013-12-15',3500.00,NULL,189,25,89,'2013-09-22 20:36:06','2013-09-22 20:36:06','CUOTA: 1 (SAC FLOPPY)',10),(124,'2013-12-15',NULL,3500.00,213,25,NULL,'2013-09-22 20:36:06','2013-09-22 20:36:06','SAC FLOPPY',10),(129,'2013-10-01',2000.00,NULL,187,27,93,'2013-09-22 20:38:51','2013-09-22 20:38:51','CUOTA: 1 (BONOS)',10),(130,'2013-11-01',2000.00,NULL,187,27,94,'2013-09-22 20:38:51','2013-09-22 20:38:51','CUOTA: 2 (BONOS)',10),(131,'2013-12-01',2000.00,NULL,187,27,95,'2013-09-22 20:38:51','2013-09-22 20:38:51','CUOTA: 3 (BONOS)',10),(132,'2013-10-01',NULL,6000.00,212,27,NULL,'2013-09-22 20:38:51','2013-09-22 20:38:51','BONOS',10),(137,'2013-10-05',7000.00,NULL,184,23,99,'2013-09-22 20:39:22','2013-09-22 20:39:22','CUOTA: 1 (SUELDO FLOPPY)',10),(138,'2013-10-05',NULL,7000.00,212,23,99,'2013-09-22 20:39:22','2013-09-22 20:39:22','RESULTADO X CUOTA: 1 (SUELDO FLOPPY)',10),(139,'2013-11-05',7000.00,NULL,184,23,100,'2013-09-22 20:39:22','2013-09-22 20:39:22','CUOTA: 2 (SUELDO FLOPPY)',10),(140,'2013-11-05',NULL,7000.00,212,23,100,'2013-09-22 20:39:23','2013-09-22 20:39:23','RESULTADO X CUOTA: 2 (SUELDO FLOPPY)',10),(141,'2013-12-05',7000.00,NULL,184,23,101,'2013-09-22 20:39:23','2013-09-22 20:39:23','CUOTA: 3 (SUELDO FLOPPY)',10),(142,'2013-12-05',NULL,7000.00,212,23,101,'2013-09-22 20:39:23','2013-09-22 20:39:23','RESULTADO X CUOTA: 3 (SUELDO FLOPPY)',10),(157,'2013-10-05',NULL,210.00,184,29,111,'2013-09-22 21:05:11','2013-09-22 21:05:11','CUOTA: 1 (TELERED)',10),(158,'2013-10-05',210.00,NULL,220,29,NULL,'2013-09-22 21:05:12','2013-09-22 21:05:12','RESULTADO X CUOTA: 1 (TELERED)',10),(159,'2013-11-05',NULL,210.00,184,29,112,'2013-09-22 21:05:12','2013-09-22 21:05:12','CUOTA: 2 (TELERED)',10),(160,'2013-11-05',210.00,NULL,220,29,NULL,'2013-09-22 21:05:12','2013-09-22 21:05:12','RESULTADO X CUOTA: 2 (TELERED)',10),(161,'2013-12-05',NULL,210.00,184,29,113,'2013-09-22 21:05:12','2013-09-22 21:05:12','CUOTA: 3 (TELERED)',10),(162,'2013-12-05',210.00,NULL,220,29,NULL,'2013-09-22 21:05:12','2013-09-22 21:05:12','RESULTADO X CUOTA: 3 (TELERED)',10),(163,'2013-12-15',3500.00,NULL,187,30,114,'2013-09-22 21:05:47','2013-09-22 21:05:47','CUOTA: 1 (SAC JOSE)',10),(164,'2013-12-15',NULL,3500.00,212,30,NULL,'2013-09-22 21:05:47','2013-09-22 21:05:47','SAC JOSE',10),(165,'2013-12-01',4100.00,NULL,220,31,NULL,'2013-09-22 21:09:42','2013-09-22 21:09:42','ALQUILER NUEVO IMPORTE',10),(166,'2013-12-01',NULL,4100.00,208,31,115,'2013-09-22 21:09:42','2013-09-22 21:09:42','CUOTA: 1 (ALQUILER NUEVO IMPORTE)',10),(167,'2013-12-01',4100.00,NULL,220,32,NULL,'2013-09-22 21:10:18','2013-09-22 21:10:18','COMISIÓN FINCAS',10),(168,'2013-12-01',NULL,4100.00,208,32,116,'2013-09-22 21:10:18','2013-09-22 21:10:18','CUOTA: 1 (COMISIÓN FINCAS)',10),(169,'2013-12-01',1500.00,NULL,220,33,NULL,'2013-09-22 21:11:32','2013-09-22 21:11:32','DEPOSITO DE ALQUILER DIFERENCIA (4100-2600 =1500)',10),(170,'2013-12-01',NULL,1500.00,208,33,117,'2013-09-22 21:11:32','2013-09-22 21:11:32','CUOTA: 1 (DEPOSITO DE ALQUILER DIFERENCIA (4100-2600 =1500))',10),(171,'2013-10-20',NULL,640.00,184,28,119,'2013-09-22 21:21:17','2013-09-22 21:21:17','CUOTA: 1 (SEGURO)',10),(172,'2013-10-20',640.00,NULL,220,28,NULL,'2013-09-22 21:21:17','2013-09-22 21:21:17','RESULTADO X CUOTA: 1 (SEGURO)',10),(173,'2013-11-20',NULL,640.00,184,28,120,'2013-09-22 21:21:18','2013-09-22 21:21:18','CUOTA: 2 (SEGURO)',10),(174,'2013-11-20',640.00,NULL,220,28,NULL,'2013-09-22 21:21:18','2013-09-22 21:21:18','RESULTADO X CUOTA: 2 (SEGURO)',10),(175,'2013-12-20',NULL,640.00,184,28,121,'2013-09-22 21:21:18','2013-09-22 21:21:18','CUOTA: 3 (SEGURO)',10),(176,'2013-12-20',640.00,NULL,220,28,NULL,'2013-09-22 21:21:18','2013-09-22 21:21:18','RESULTADO X CUOTA: 3 (SEGURO)',10),(177,'2013-10-01',7000.00,NULL,187,26,125,'2013-09-22 21:44:23','2013-09-22 21:44:23','CUOTA: 1 (SUELDO JOSE)',10),(178,'2013-11-01',7000.00,NULL,187,26,126,'2013-09-22 21:44:23','2013-09-22 21:44:23','CUOTA: 2 (SUELDO JOSE)',10),(179,'2013-12-01',7000.00,NULL,187,26,127,'2013-09-22 21:44:23','2013-09-22 21:44:23','CUOTA: 3 (SUELDO JOSE)',10),(180,'2013-10-01',NULL,21000.00,212,26,NULL,'2013-09-22 21:44:23','2013-09-22 21:44:23','SUELDO JOSE',10),(189,'2013-09-22',46.00,NULL,186,36,NULL,'2013-09-22 21:55:28','2013-09-22 21:55:28','SALDOS INCIALES',10),(190,'2013-09-22',NULL,46.00,210,36,NULL,'2013-09-22 21:55:28','2013-09-22 21:55:28','SALDOS INCIALES',10),(191,'2013-09-22',3300.00,NULL,186,35,NULL,'2013-09-22 21:56:46','2013-09-22 21:56:46','SALDOS INICIALES',10),(192,'2013-09-22',NULL,3300.00,210,35,NULL,'2013-09-22 21:56:46','2013-09-22 21:56:46','SALDOS INICIALES',10),(193,'2013-09-22',22000.00,NULL,189,39,NULL,'2013-09-22 21:57:38','2013-09-22 21:57:38','SALDOS INICIALES FLOPPY',10),(194,'2013-09-22',NULL,22000.00,210,39,NULL,'2013-09-22 21:57:38','2013-09-22 21:57:38','SALDOS INICIALES FLOPPY',10),(195,'2013-10-15',450.00,NULL,231,40,NULL,'2013-09-22 21:58:13','2013-09-22 21:58:13','CURSO PARTO',10),(196,'2013-10-15',NULL,450.00,208,40,135,'2013-09-22 21:58:14','2013-09-22 21:58:14','CUOTA: 1 (CURSO PARTO)',10),(197,'2013-10-15',3000.00,NULL,231,41,NULL,'2013-09-22 21:59:11','2013-09-22 21:59:11','TRINIDAD SAN ISIDRO',10),(198,'2013-10-15',NULL,3000.00,208,41,136,'2013-09-22 21:59:11','2013-09-22 21:59:11','CUOTA: 1 (TRINIDAD SAN ISIDRO)',10),(216,'2013-09-29',1257.50,NULL,227,44,NULL,'2013-09-22 22:07:38','2013-09-22 22:07:38','MAQUINA COSER',10),(217,'2013-09-29',NULL,125.75,203,44,152,'2013-09-22 22:07:38','2013-09-22 22:07:38','CUOTA: 1 (MAQUINA COSER)',10),(218,'2013-10-29',NULL,125.75,203,44,153,'2013-09-22 22:07:38','2013-09-22 22:07:38','CUOTA: 2 (MAQUINA COSER)',10),(219,'2013-11-29',NULL,125.75,203,44,154,'2013-09-22 22:07:38','2013-09-22 22:07:38','CUOTA: 3 (MAQUINA COSER)',10),(220,'2013-12-29',NULL,125.75,203,44,155,'2013-09-22 22:07:39','2013-09-22 22:07:39','CUOTA: 4 (MAQUINA COSER)',10),(221,'2014-01-29',NULL,125.75,203,44,156,'2013-09-22 22:07:39','2013-09-22 22:07:39','CUOTA: 5 (MAQUINA COSER)',10),(222,'2014-02-28',NULL,125.75,203,44,157,'2013-09-22 22:07:39','2013-09-22 22:07:39','CUOTA: 6 (MAQUINA COSER)',10),(223,'2014-03-29',NULL,125.75,203,44,158,'2013-09-22 22:07:39','2013-09-22 22:07:39','CUOTA: 7 (MAQUINA COSER)',10),(224,'2014-04-29',NULL,125.75,203,44,159,'2013-09-22 22:07:39','2013-09-22 22:07:39','CUOTA: 8 (MAQUINA COSER)',10),(225,'2014-05-29',NULL,125.75,203,44,160,'2013-09-22 22:07:39','2013-09-22 22:07:39','CUOTA: 9 (MAQUINA COSER)',10),(226,'2014-06-29',NULL,125.75,203,44,161,'2013-09-22 22:07:39','2013-09-22 22:07:39','CUOTA: 10 (MAQUINA COSER)',10),(229,'2013-09-23',166.00,NULL,231,43,NULL,'2013-09-22 22:08:42','2013-09-22 22:08:42','CUOTA FRAVEGA',10),(230,'2013-09-23',NULL,20.75,203,43,163,'2013-09-22 22:08:42','2013-09-22 22:08:42','CUOTA: 1 (CUOTA FRAVEGA)',10),(231,'2013-10-23',NULL,20.75,203,43,164,'2013-09-22 22:08:43','2013-09-22 22:08:43','CUOTA: 2 (CUOTA FRAVEGA)',10),(232,'2013-11-23',NULL,20.75,203,43,165,'2013-09-22 22:08:43','2013-09-22 22:08:43','CUOTA: 3 (CUOTA FRAVEGA)',10),(233,'2013-12-23',NULL,20.75,203,43,166,'2013-09-22 22:08:43','2013-09-22 22:08:43','CUOTA: 4 (CUOTA FRAVEGA)',10),(234,'2014-01-23',NULL,20.75,203,43,167,'2013-09-22 22:08:43','2013-09-22 22:08:43','CUOTA: 5 (CUOTA FRAVEGA)',10),(235,'2014-02-23',NULL,20.75,203,43,168,'2013-09-22 22:08:43','2013-09-22 22:08:43','CUOTA: 6 (CUOTA FRAVEGA)',10),(236,'2014-03-23',NULL,20.75,203,43,169,'2013-09-22 22:08:43','2013-09-22 22:08:43','CUOTA: 7 (CUOTA FRAVEGA)',10),(237,'2014-04-23',NULL,20.75,203,43,170,'2013-09-22 22:08:43','2013-09-22 22:08:43','CUOTA: 8 (CUOTA FRAVEGA)',10),(238,'2013-10-16',972.16,NULL,231,42,NULL,'2013-09-22 22:09:11','2013-09-22 22:09:11','LAN SALTA CABALGATA',10),(239,'2013-10-16',NULL,138.88,203,42,171,'2013-09-22 22:09:11','2013-09-22 22:09:11','CUOTA: 1 (LAN SALTA CABALGATA)',10),(240,'2013-11-16',NULL,138.88,203,42,172,'2013-09-22 22:09:11','2013-09-22 22:09:11','CUOTA: 2 (LAN SALTA CABALGATA)',10),(241,'2013-12-16',NULL,138.88,203,42,173,'2013-09-22 22:09:11','2013-09-22 22:09:11','CUOTA: 3 (LAN SALTA CABALGATA)',10),(242,'2014-01-16',NULL,138.88,203,42,174,'2013-09-22 22:09:11','2013-09-22 22:09:11','CUOTA: 4 (LAN SALTA CABALGATA)',10),(243,'2014-02-16',NULL,138.88,203,42,175,'2013-09-22 22:09:11','2013-09-22 22:09:11','CUOTA: 5 (LAN SALTA CABALGATA)',10),(244,'2014-03-16',NULL,138.88,203,42,176,'2013-09-22 22:09:11','2013-09-22 22:09:11','CUOTA: 6 (LAN SALTA CABALGATA)',10),(245,'2014-04-16',NULL,138.88,203,42,177,'2013-09-22 22:09:11','2013-09-22 22:09:11','CUOTA: 7 (LAN SALTA CABALGATA)',10),(246,'2013-10-05',125.00,NULL,231,45,NULL,'2013-09-22 22:09:49','2013-09-22 22:09:49','ZAPATOS',10),(247,'2013-10-05',NULL,125.00,203,45,178,'2013-09-22 22:09:49','2013-09-22 22:09:49','CUOTA: 1 (ZAPATOS)',10);
/*!40000 ALTER TABLE `asientos` ENABLE KEYS */;
UNLOCK TABLES;

--
-- Table structure for table `estado_accions`
--

DROP TABLE IF EXISTS `estado_accions`;
/*!40101 SET @saved_cs_client     = @@character_set_client */;
/*!40101 SET character_set_client = utf8 */;
CREATE TABLE `estado_accions` (
  `id` int(11) NOT NULL AUTO_INCREMENT,
  `estado_id` int(11) DEFAULT NULL,
  `tipo_acc_id` int(11) DEFAULT NULL,
  `codigo` int(11) DEFAULT NULL,
  `created_at` datetime NOT NULL,
  `updated_at` datetime NOT NULL,
  PRIMARY KEY (`id`),
  KEY `index_estado_accions_on_estado_id` (`estado_id`),
  KEY `index_estado_accions_on_tipo_acc_id` (`tipo_acc_id`)
) ENGINE=InnoDB AUTO_INCREMENT=107 DEFAULT CHARSET=utf8 COLLATE=utf8_unicode_ci;
/*!40101 SET character_set_client = @saved_cs_client */;

--
-- Dumping data for table `estado_accions`
--

LOCK TABLES `estado_accions` WRITE;
/*!40000 ALTER TABLE `estado_accions` DISABLE KEYS */;
INSERT INTO `estado_accions` VALUES (1,1,1,2,'2013-04-02 15:33:45','2013-04-02 15:33:45'),(2,2,1,2,'2013-04-02 15:33:45','2013-04-02 15:33:45'),(3,3,1,2,'2013-04-02 15:33:45','2013-04-02 15:33:45'),(4,4,1,2,'2013-04-02 15:33:45','2013-04-02 15:33:45'),(5,5,1,2,'2013-04-02 15:33:45','2013-04-02 15:33:45'),(6,6,1,2,'2013-04-02 15:33:45','2013-04-02 15:33:45'),(7,7,1,2,'2013-04-02 15:33:45','2013-04-02 15:33:45'),(8,8,1,2,'2013-04-02 15:33:45','2013-04-02 15:33:45'),(9,6,2,2,'2013-04-02 15:34:03','2013-04-02 15:34:03'),(10,2,2,1,'2013-04-02 15:34:03','2013-04-02 15:34:03'),(11,4,3,2,'2013-04-02 15:34:20','2013-04-02 15:34:20'),(12,1,4,2,'2013-04-02 15:34:29','2013-04-02 15:34:29'),(13,2,4,2,'2013-04-02 15:34:29','2013-04-02 15:34:29'),(14,3,4,2,'2013-04-02 15:34:29','2013-04-02 15:34:29'),(15,4,4,2,'2013-04-02 15:34:29','2013-04-02 15:34:29'),(16,5,4,2,'2013-04-02 15:34:29','2013-04-02 15:34:29'),(17,6,4,2,'2013-04-02 15:34:29','2013-04-02 15:34:29'),(18,7,4,2,'2013-04-02 15:34:29','2013-04-02 15:34:29'),(19,8,4,2,'2013-04-02 15:34:30','2013-04-02 15:34:30'),(20,2,5,2,'2013-04-02 15:35:05','2013-04-02 15:35:05'),(21,3,5,2,'2013-04-02 15:35:05','2013-04-02 15:35:05'),(22,1,5,1,'2013-04-02 15:35:05','2013-04-02 15:35:05'),(23,7,6,2,'2013-04-02 15:35:23','2013-04-02 15:35:23'),(24,6,6,1,'2013-04-02 15:35:23','2013-04-02 15:35:23'),(25,8,7,2,'2013-04-02 15:35:40','2013-04-02 15:35:40'),(26,7,7,1,'2013-04-02 15:35:40','2013-04-02 15:35:40'),(27,1,8,3,'2013-04-03 03:24:01','2013-04-03 03:24:01'),(28,2,8,3,'2013-04-03 03:24:01','2013-04-03 03:24:01'),(29,3,8,3,'2013-04-03 03:24:01','2013-04-03 03:24:01'),(30,4,8,3,'2013-04-03 03:24:01','2013-04-03 03:24:01'),(31,5,8,3,'2013-04-03 03:24:01','2013-04-03 03:24:01'),(32,6,8,3,'2013-04-03 03:24:01','2013-04-03 03:24:01'),(33,7,8,3,'2013-04-03 03:24:01','2013-04-03 03:24:01'),(34,8,8,3,'2013-04-03 03:24:01','2013-04-03 03:24:01'),(35,1,9,2,'2013-04-10 21:01:32','2013-04-10 21:01:32'),(36,2,9,2,'2013-04-10 21:01:32','2013-04-10 21:01:32'),(37,3,9,2,'2013-04-10 21:01:32','2013-04-10 21:01:32'),(38,4,9,2,'2013-04-10 21:01:32','2013-04-10 21:01:32'),(39,5,9,2,'2013-04-10 21:01:32','2013-04-10 21:01:32'),(40,6,9,2,'2013-04-10 21:01:32','2013-04-10 21:01:32'),(41,7,9,2,'2013-04-10 21:01:32','2013-04-10 21:01:32'),(42,8,9,2,'2013-04-10 21:01:32','2013-04-10 21:01:32'),(43,1,10,2,'2013-04-10 21:02:37','2013-04-10 21:02:37'),(44,2,10,2,'2013-04-10 21:02:37','2013-04-10 21:02:37'),(45,3,10,2,'2013-04-10 21:02:37','2013-04-10 21:02:37'),(46,4,10,2,'2013-04-10 21:02:37','2013-04-10 21:02:37'),(47,5,10,2,'2013-04-10 21:02:37','2013-04-10 21:02:37'),(48,6,10,2,'2013-04-10 21:02:37','2013-04-10 21:02:37'),(49,7,10,2,'2013-04-10 21:02:37','2013-04-10 21:02:37'),(50,8,10,2,'2013-04-10 21:02:37','2013-04-10 21:02:37'),(51,1,11,2,'2013-04-10 21:03:32','2013-04-10 21:03:32'),(52,2,11,2,'2013-04-10 21:03:32','2013-04-10 21:03:32'),(53,3,11,2,'2013-04-10 21:03:32','2013-04-10 21:03:32'),(54,4,11,2,'2013-04-10 21:03:32','2013-04-10 21:03:32'),(55,5,11,2,'2013-04-10 21:03:32','2013-04-10 21:03:32'),(56,6,11,2,'2013-04-10 21:03:32','2013-04-10 21:03:32'),(57,7,11,2,'2013-04-10 21:03:32','2013-04-10 21:03:32'),(58,8,11,2,'2013-04-10 21:03:32','2013-04-10 21:03:32'),(59,1,12,2,'2013-04-10 21:03:53','2013-04-10 21:03:53'),(60,2,12,2,'2013-04-10 21:03:53','2013-04-10 21:03:53'),(61,3,12,2,'2013-04-10 21:03:53','2013-04-10 21:03:53'),(62,4,12,2,'2013-04-10 21:03:53','2013-04-10 21:03:53'),(63,5,12,2,'2013-04-10 21:03:53','2013-04-10 21:03:53'),(64,6,12,2,'2013-04-10 21:03:53','2013-04-10 21:03:53'),(65,7,12,2,'2013-04-10 21:03:53','2013-04-10 21:03:53'),(66,8,12,2,'2013-04-10 21:03:53','2013-04-10 21:03:53'),(67,1,13,2,'2013-04-10 21:04:32','2013-04-10 21:04:32'),(68,2,13,2,'2013-04-10 21:04:32','2013-04-10 21:04:32'),(69,3,13,2,'2013-04-10 21:04:32','2013-04-10 21:04:32'),(70,4,13,2,'2013-04-10 21:04:32','2013-04-10 21:04:32'),(71,5,13,2,'2013-04-10 21:04:32','2013-04-10 21:04:32'),(72,6,13,2,'2013-04-10 21:04:32','2013-04-10 21:04:32'),(73,7,13,2,'2013-04-10 21:04:32','2013-04-10 21:04:32'),(74,8,13,2,'2013-04-10 21:04:32','2013-04-10 21:04:32'),(75,9,8,3,'2013-04-13 20:05:14','2013-04-13 20:05:14'),(76,10,8,3,'2013-04-13 20:05:14','2013-04-13 20:05:14'),(77,9,13,2,'2013-04-13 20:05:21','2013-04-13 20:05:21'),(78,10,13,2,'2013-04-13 20:05:21','2013-04-13 20:05:21'),(79,9,12,2,'2013-04-13 20:05:27','2013-04-13 20:05:27'),(80,10,12,2,'2013-04-13 20:05:27','2013-04-13 20:05:27'),(81,9,4,2,'2013-04-13 20:05:33','2013-04-13 20:05:33'),(82,10,4,2,'2013-04-13 20:05:33','2013-04-13 20:05:33'),(83,9,9,2,'2013-04-13 20:05:42','2013-04-13 20:05:42'),(84,10,9,2,'2013-04-13 20:05:42','2013-04-13 20:05:42'),(85,9,1,2,'2013-04-13 20:05:49','2013-04-13 20:05:49'),(86,10,1,2,'2013-04-13 20:05:49','2013-04-13 20:05:49'),(87,11,5,2,'2013-07-26 22:01:05','2013-07-26 22:01:05'),(88,11,12,2,'2013-07-31 22:46:24','2013-07-31 22:46:24'),(89,11,13,2,'2013-07-31 23:36:00','2013-07-31 23:36:00'),(90,11,4,2,'2013-07-31 23:36:11','2013-07-31 23:36:11'),(91,11,9,2,'2013-07-31 23:36:18','2013-07-31 23:36:18'),(92,11,1,2,'2013-07-31 23:36:28','2013-07-31 23:36:28'),(94,11,10,2,'2013-07-31 23:36:42','2013-07-31 23:36:42'),(95,9,11,2,'2013-07-31 23:36:56','2013-07-31 23:36:56'),(96,10,11,2,'2013-07-31 23:36:56','2013-07-31 23:36:56'),(97,11,11,2,'2013-07-31 23:36:56','2013-07-31 23:36:56'),(98,11,8,3,'2013-07-31 23:37:03','2013-07-31 23:37:03'),(99,12,13,2,'2013-08-01 00:24:05','2013-08-01 00:24:05'),(100,12,12,2,'2013-08-01 00:24:12','2013-08-01 00:24:12'),(101,12,4,2,'2013-08-01 00:24:17','2013-08-01 00:24:17'),(102,12,9,2,'2013-08-01 00:24:22','2013-08-01 00:24:22'),(103,12,1,2,'2013-08-01 00:24:32','2013-08-01 00:24:32'),(104,12,11,2,'2013-08-01 00:24:37','2013-08-01 00:24:37'),(105,12,8,3,'2013-08-01 00:24:44','2013-08-01 00:24:44'),(106,11,2,1,'2013-08-01 03:25:05','2013-08-01 03:25:05');
/*!40000 ALTER TABLE `estado_accions` ENABLE KEYS */;
UNLOCK TABLES;

--
-- Table structure for table `rodeos`
--

DROP TABLE IF EXISTS `rodeos`;
/*!40101 SET @saved_cs_client     = @@character_set_client */;
/*!40101 SET character_set_client = utf8 */;
CREATE TABLE `rodeos` (
  `id` int(11) NOT NULL AUTO_INCREMENT,
  `nombre` varchar(255) COLLATE utf8_unicode_ci DEFAULT NULL,
  `desc` varchar(255) COLLATE utf8_unicode_ci DEFAULT NULL,
  `created_at` datetime NOT NULL,
  `updated_at` datetime NOT NULL,
  PRIMARY KEY (`id`)
) ENGINE=InnoDB AUTO_INCREMENT=3 DEFAULT CHARSET=utf8 COLLATE=utf8_unicode_ci;
/*!40101 SET character_set_client = @saved_cs_client */;

--
-- Dumping data for table `rodeos`
--

LOCK TABLES `rodeos` WRITE;
/*!40000 ALTER TABLE `rodeos` DISABLE KEYS */;
INSERT INTO `rodeos` VALUES (1,'RODEO 1','','2013-04-02 15:37:08','2013-04-02 15:37:08'),(2,'RODEO 2','','2013-04-13 21:00:48','2013-04-13 21:01:01');
/*!40000 ALTER TABLE `rodeos` ENABLE KEYS */;
UNLOCK TABLES;

--
-- Table structure for table `movimientos`
--

DROP TABLE IF EXISTS `movimientos`;
/*!40101 SET @saved_cs_client     = @@character_set_client */;
/*!40101 SET character_set_client = utf8 */;
CREATE TABLE `movimientos` (
  `id` int(11) NOT NULL AUTO_INCREMENT,
  `fecha` date DEFAULT NULL,
  `desc` varchar(255) COLLATE utf8_unicode_ci DEFAULT NULL,
  `estado_id` int(11) DEFAULT NULL,
  `rodeo_id` int(11) DEFAULT NULL,
  `category_id` int(11) DEFAULT NULL,
  `created_at` datetime NOT NULL,
  `updated_at` datetime NOT NULL,
  `user_id` int(11) DEFAULT NULL,
  `cantidad` int(11) DEFAULT NULL,
  `kilos` int(11) DEFAULT NULL,
  `tipo_acc_id` int(11) DEFAULT NULL,
  `origen_id` int(11) DEFAULT NULL,
  `establecimiento_id` int(11) DEFAULT NULL,
  `empresa_id` int(11) DEFAULT NULL,
  PRIMARY KEY (`id`),
  KEY `index_movimientos_on_category_id` (`category_id`),
  KEY `index_movimientos_on_estado_id` (`estado_id`),
  KEY `index_movimientos_on_rodeo_id` (`rodeo_id`),
  KEY `index_movimientos_on_tipo_acc_id` (`tipo_acc_id`),
  KEY `index_movimientos_on_user_id` (`user_id`),
  KEY `index_movimientos_on_origen_id` (`origen_id`),
  KEY `index_movimientos_on_establecimiento_id` (`establecimiento_id`),
  KEY `index_movimientos_on_empresa_id` (`empresa_id`)
) ENGINE=InnoDB AUTO_INCREMENT=263 DEFAULT CHARSET=utf8 COLLATE=utf8_unicode_ci;
/*!40101 SET character_set_client = @saved_cs_client */;

--
-- Dumping data for table `movimientos`
--

LOCK TABLES `movimientos` WRITE;
/*!40000 ALTER TABLE `movimientos` DISABLE KEYS */;
INSERT INTO `movimientos` VALUES (167,'2013-04-01','LOTE 1 SALDO INICIAL',1,1,1,'2013-07-26 21:54:16','2013-07-26 21:54:16',NULL,128,450,1,NULL,10,6),(168,'2013-04-01','LOTE 2 SALDO INICIAL',1,1,1,'2013-07-26 21:54:46','2013-07-26 21:54:46',NULL,83,450,1,NULL,10,6),(169,'2013-04-01','SALDO INICIAL',1,2,2,'2013-07-26 21:55:31','2013-07-26 21:56:05',NULL,27,400,1,NULL,10,6),(170,'2013-04-01','SALDO INCIAL',1,2,6,'2013-07-26 21:55:56','2013-07-26 21:56:13',NULL,31,320,1,NULL,10,6),(171,'2013-04-15','LOTE 1',2,1,1,'2013-07-26 22:00:33','2013-07-26 22:00:33',NULL,110,450,5,NULL,10,6),(172,'2013-04-15','LOTE 1 PREÑADA VJ PARA VENTA',11,1,1,'2013-07-26 22:02:00','2013-07-26 22:02:12',NULL,6,450,5,NULL,10,6),(173,'2013-04-15','LOTE 2',2,1,1,'2013-07-26 22:03:14','2013-07-26 22:03:14',NULL,66,450,5,NULL,10,6),(174,'2013-04-15','LOTE 2 PREÑADA VJ PARA VENTA',11,1,1,'2013-07-26 22:03:38','2013-07-26 22:03:38',NULL,5,450,5,NULL,10,6),(175,'2013-04-15','LOTE 1',3,1,1,'2013-07-26 22:03:59','2013-07-26 22:04:25',NULL,12,450,5,NULL,10,6),(176,'2013-04-15','LOTE 2\r\n',3,1,1,'2013-07-26 22:04:19','2013-07-26 22:04:19',NULL,12,450,5,NULL,10,6),(177,'2013-04-15','',2,2,2,'2013-07-26 22:05:02','2013-07-26 22:05:02',NULL,23,400,5,NULL,10,6),(178,'2013-04-15','',3,2,2,'2013-07-26 22:05:31','2013-07-26 22:06:48',NULL,4,400,5,NULL,10,6),(179,'2013-04-15','',2,2,6,'2013-07-26 22:06:10','2013-07-26 22:06:10',NULL,19,320,5,NULL,10,6),(180,'2013-04-15','REPO',3,2,6,'2013-07-26 22:06:35','2013-07-26 22:06:35',NULL,11,320,5,NULL,10,6),(182,'2013-06-06','VACA VACIA',3,1,1,'2013-07-31 22:38:33','2013-08-21 15:31:19',NULL,11,450,12,NULL,10,6),(183,'2013-06-01','VACAS DE CHIQUITO',2,1,1,'2013-07-31 22:39:17','2013-08-21 15:31:37',NULL,7,450,9,NULL,10,6),(184,'2013-06-01','VACA DE CHIQUITO',3,1,1,'2013-07-31 22:39:38','2013-08-21 15:31:28',NULL,1,450,9,NULL,10,6),(185,'2013-06-06','',2,1,1,'2013-07-31 22:43:27','2013-08-21 15:31:09',NULL,3,450,12,NULL,10,6),(186,'2013-06-06','VENTA REMATE DE LALOR',11,1,1,'2013-07-31 22:46:51','2013-08-21 15:31:50',NULL,11,450,12,NULL,10,6),(187,'2013-04-01','HAY TERNERAS DE FELA Y ALFREDO',12,2,3,'2013-08-01 00:25:43','2013-08-01 00:25:43',NULL,72,280,1,NULL,10,6),(188,'2013-04-01','TERNERAS DE LOS LOPEZ',12,2,8,'2013-08-01 00:27:22','2013-08-01 00:27:52',NULL,3,280,1,NULL,10,6),(193,'2013-07-20','2 NEGROS\r\n2 COLORADOS',6,1,9,'2013-08-01 03:56:29','2013-08-01 03:57:02',NULL,4,50,2,NULL,10,6),(194,'2013-07-20','',4,1,1,'2013-08-01 03:56:29','2013-08-21 15:32:09',NULL,4,450,3,NULL,10,6),(206,'2013-08-03','',10,1,7,'2013-08-03 22:48:34','2013-08-03 22:48:34',NULL,10,650,1,NULL,11,7),(207,'2013-08-03','',9,2,7,'2013-08-03 22:50:05','2013-08-03 22:50:05',NULL,2,600,1,NULL,11,7),(208,'2013-08-03','',6,1,9,'2013-08-03 22:51:07','2013-08-03 22:51:07',NULL,1,50,2,NULL,11,7),(209,'2013-08-03',NULL,4,1,2,'2013-08-03 22:51:08','2013-08-03 22:51:08',NULL,1,NULL,3,NULL,11,7),(210,'2013-08-03','',7,1,9,'2013-08-03 22:51:19','2013-08-03 22:51:19',NULL,1,50,6,NULL,11,7),(211,'2013-08-03','',8,1,9,'2013-08-03 22:51:25','2013-08-03 22:51:25',NULL,1,50,7,NULL,11,7),(212,'2013-01-01','',1,1,1,'2013-08-03 22:58:03','2013-08-03 22:58:03',NULL,10,450,1,NULL,12,NULL),(213,'2013-04-03','',2,1,1,'2013-08-03 22:58:47','2013-08-03 22:58:47',NULL,9,450,5,NULL,12,NULL),(214,'2013-04-03','',3,1,1,'2013-08-03 22:58:55','2013-08-03 22:58:55',NULL,1,450,5,NULL,12,NULL),(215,'2013-08-03','',6,1,9,'2013-08-03 22:59:13','2013-08-03 22:59:13',NULL,9,50,2,NULL,12,NULL),(216,'2013-08-03',NULL,4,1,1,'2013-08-03 22:59:13','2013-08-03 22:59:13',NULL,9,NULL,3,NULL,12,NULL),(217,'2013-12-03','',7,1,9,'2013-08-03 22:59:25','2013-08-03 22:59:25',NULL,8,50,6,NULL,12,NULL),(218,'2013-08-03','',6,1,9,'2013-08-03 23:00:20','2013-08-03 23:00:20',NULL,1,NULL,4,NULL,12,NULL),(219,'2013-08-06','',1,2,1,'2013-08-06 16:59:58','2013-08-06 16:59:58',NULL,10,450,1,NULL,11,7),(220,'2013-08-06','',2,2,1,'2013-08-06 17:00:20','2013-08-06 17:00:20',NULL,9,450,5,NULL,11,7),(221,'2013-08-06','',3,2,1,'2013-08-06 17:00:28','2013-08-06 17:00:28',NULL,1,450,5,NULL,11,7),(222,'2013-08-09','',2,1,1,'2013-08-09 18:56:13','2013-08-09 18:56:13',NULL,4,450,5,NULL,11,7),(223,'2013-08-16','',1,1,6,'2013-08-17 00:39:18','2013-08-17 00:39:18',NULL,25,320,10,NULL,12,8),(227,'2013-08-17','',1,1,7,'2013-08-17 00:44:36','2013-08-17 00:44:36',NULL,2,600,10,NULL,12,8),(228,'2013-08-17','',1,1,5,'2013-08-17 00:45:00','2013-08-17 00:45:00',NULL,1,350,10,NULL,12,8),(230,'2013-08-17','',10,1,7,'2013-08-17 00:46:29','2013-08-17 00:46:29',NULL,1,600,8,NULL,12,8),(231,'2013-08-17','',10,1,7,'2013-08-17 00:47:19','2013-08-17 00:47:19',NULL,1,600,8,NULL,12,8),(235,'2013-08-17','',2,1,6,'2013-08-17 00:51:52','2013-08-17 00:51:52',NULL,23,320,5,NULL,12,8),(236,'2013-08-17','',5,1,6,'2013-08-17 00:53:06','2013-08-17 00:53:06',NULL,2,320,8,NULL,12,8),(237,'2013-08-17','',5,1,6,'2013-08-17 00:53:20','2013-08-17 00:53:20',NULL,2,NULL,12,NULL,12,8),(238,'2013-08-17','',6,1,9,'2013-08-17 00:54:00','2013-08-17 00:54:00',NULL,22,50,2,NULL,12,8),(239,'2013-08-17',NULL,4,1,6,'2013-08-17 00:54:00','2013-08-17 00:54:00',NULL,22,NULL,3,NULL,12,8),(240,'2013-08-17','',4,1,6,'2013-08-17 00:55:03','2013-08-17 00:55:03',NULL,22,320,8,NULL,12,8),(241,'2013-08-17','',3,1,6,'2013-08-17 00:56:13','2013-08-17 00:56:13',NULL,1,320,8,NULL,12,8),(242,'2013-08-17','',12,1,3,'2013-08-17 00:57:24','2013-08-17 00:57:24',NULL,22,280,8,NULL,12,8),(244,'2013-08-17','',12,1,3,'2013-08-17 00:59:49','2013-08-17 00:59:49',NULL,22,NULL,12,NULL,12,8),(245,'2013-08-17','',1,1,2,'2013-08-17 01:00:27','2013-08-17 01:00:27',NULL,22,400,8,NULL,12,8),(246,'2013-08-17','',1,1,2,'2013-08-17 01:00:40','2013-08-17 01:00:40',NULL,1,400,8,NULL,12,8),(247,'2013-08-17','',1,1,7,'2013-08-17 01:02:23','2013-08-17 01:02:23',NULL,1,600,8,NULL,12,8),(248,'2013-08-17','',2,1,2,'2013-08-17 01:02:54','2013-08-17 01:02:54',NULL,22,400,5,NULL,12,8),(249,'2013-08-17','',3,1,2,'2013-08-17 01:03:08','2013-08-17 01:03:08',NULL,1,400,8,NULL,12,8),(250,'2013-08-17','',3,1,2,'2013-08-17 01:03:59','2013-08-17 01:03:59',NULL,1,NULL,13,NULL,12,8),(251,'2013-08-17','',6,1,9,'2013-08-17 01:05:01','2013-08-17 01:05:28',NULL,22,50,2,NULL,12,8),(252,'2013-08-17',NULL,4,1,2,'2013-08-17 01:05:01','2013-08-17 01:05:01',NULL,22,NULL,3,NULL,12,8),(253,'2013-08-17','',12,2,10,'2013-08-17 01:08:18','2013-08-17 01:08:18',NULL,11,280,8,NULL,12,8),(255,'2013-08-17','',12,2,11,'2013-08-17 01:09:10','2013-08-17 01:09:10',NULL,11,280,8,NULL,12,8),(256,'2013-08-17','',1,1,1,'2013-08-17 01:09:45','2013-08-17 01:09:45',NULL,22,450,8,NULL,12,8),(257,'2013-08-17','',12,2,10,'2013-08-17 01:10:25','2013-08-17 01:10:25',NULL,11,NULL,12,NULL,12,8),(258,'2013-08-15','CABEZA',6,1,9,'2013-08-21 21:24:15','2013-08-21 21:24:15',NULL,55,50,2,NULL,10,6),(259,'2013-08-15',NULL,4,1,1,'2013-08-21 21:24:15','2013-08-21 21:24:15',NULL,55,NULL,3,NULL,10,6),(260,'2013-08-15','CABEZA',6,2,9,'2013-08-21 21:25:53','2013-08-21 21:25:53',NULL,5,50,2,NULL,10,6),(261,'2013-08-15',NULL,4,2,2,'2013-08-21 21:25:53','2013-08-21 21:25:53',NULL,5,NULL,3,NULL,10,6),(262,'2013-01-01','',1,1,1,'2013-09-03 21:32:32','2013-09-03 21:32:32',NULL,10,450,1,NULL,10,9);
/*!40000 ALTER TABLE `movimientos` ENABLE KEYS */;
UNLOCK TABLES;

--
-- Table structure for table `transacciontipos`
--

DROP TABLE IF EXISTS `transacciontipos`;
/*!40101 SET @saved_cs_client     = @@character_set_client */;
/*!40101 SET character_set_client = utf8 */;
CREATE TABLE `transacciontipos` (
  `id` int(11) NOT NULL AUTO_INCREMENT,
  `codigo` int(11) DEFAULT NULL,
  `nombre` varchar(255) COLLATE utf8_unicode_ci DEFAULT NULL,
  `created_at` datetime DEFAULT NULL,
  `updated_at` datetime DEFAULT NULL,
  PRIMARY KEY (`id`)
) ENGINE=InnoDB AUTO_INCREMENT=6 DEFAULT CHARSET=utf8 COLLATE=utf8_unicode_ci;
/*!40101 SET character_set_client = @saved_cs_client */;

--
-- Dumping data for table `transacciontipos`
--

LOCK TABLES `transacciontipos` WRITE;
/*!40000 ALTER TABLE `transacciontipos` DISABLE KEYS */;
INSERT INTO `transacciontipos` VALUES (1,1,'INGRESO','2013-08-17 00:32:16','2013-08-17 00:32:16'),(2,2,'EGRESO','2013-08-17 00:32:27','2013-08-17 00:32:27'),(3,3,'COBRANZA','2013-08-17 00:32:35','2013-09-17 22:16:44'),(4,4,'PAGOS','2013-08-17 00:32:45','2013-09-17 22:16:33'),(5,0,'MOVIMIENTOS DE FONDOS','2013-09-06 20:39:11','2013-09-22 19:50:04');
/*!40000 ALTER TABLE `transacciontipos` ENABLE KEYS */;
UNLOCK TABLES;

--
-- Table structure for table `establecimientos`
--

DROP TABLE IF EXISTS `establecimientos`;
/*!40101 SET @saved_cs_client     = @@character_set_client */;
/*!40101 SET character_set_client = utf8 */;
CREATE TABLE `establecimientos` (
  `id` int(11) NOT NULL AUTO_INCREMENT,
  `codigo` varchar(255) COLLATE utf8_unicode_ci DEFAULT NULL,
  `nombre` varchar(255) COLLATE utf8_unicode_ci DEFAULT NULL,
  `created_at` datetime DEFAULT NULL,
  `updated_at` datetime DEFAULT NULL,
  `clima` text COLLATE utf8_unicode_ci,
  PRIMARY KEY (`id`)
) ENGINE=InnoDB AUTO_INCREMENT=13 DEFAULT CHARSET=utf8 COLLATE=utf8_unicode_ci;
/*!40101 SET character_set_client = @saved_cs_client */;

--
-- Dumping data for table `establecimientos`
--

LOCK TABLES `establecimientos` WRITE;
/*!40000 ALTER TABLE `establecimientos` DISABLE KEYS */;
INSERT INTO `establecimientos` VALUES (10,'SJ','SAN JOSE','2013-07-26 21:49:57','2013-07-26 21:49:57',NULL),(11,'EA','EL ALTILLO','2013-07-26 21:50:07','2013-09-18 14:37:58','<div id=\"cont_35834df047b0d04a03f320eea60fd706\">\r\n  <span id=\"h_35834df047b0d04a03f320eea60fd706\"><a id=\"a_35834df047b0d04a03f320eea60fd706\" href=\"http://www.tiempo.com/madrid.htm\" target=\"_blank\" style=\"color:#656565;font-family:Arial;font-size:14px;\">Meteo Madrid</a></span>\r\n  <script type=\"text/javascript\" src=\"http://www.tiempo.com/wid_loader/35834df047b0d04a03f320eea60fd706\"></script>\r\n</div>'),(12,'PR','PRUEBA','2013-08-03 22:53:02','2013-09-17 21:45:44','<div id=\"cont_7ebac52fe4e4f189ea3109f05b955da6\">\r\n  <span id=\"h_7ebac52fe4e4f189ea3109f05b955da6\"><a id=\"a_7ebac52fe4e4f189ea3109f05b955da6\" href=\"http://www.tiempo.com/general-alvear_argentina-l14771.htm\" target=\"_blank\" style=\"color:#808080;font-family:Helvetica;font-size:14px;\">Meteo General Alvear</a></span>\r\n  <script type=\"text/javascript\" src=\"http://www.tiempo.com/wid_loader/7ebac52fe4e4f189ea3109f05b955da6\"></script>\r\n</div>');
/*!40000 ALTER TABLE `establecimientos` ENABLE KEYS */;
UNLOCK TABLES;

--
-- Table structure for table `cat_tipos_tipo_accs`
--

DROP TABLE IF EXISTS `cat_tipos_tipo_accs`;
/*!40101 SET @saved_cs_client     = @@character_set_client */;
/*!40101 SET character_set_client = utf8 */;
CREATE TABLE `cat_tipos_tipo_accs` (
  `cat_tipo_id` int(11) DEFAULT NULL,
  `tipo_acc_id` int(11) DEFAULT NULL,
  KEY `index_catTipo_tipoAcc_on_catTipo_id_and_tipoAcc_id` (`cat_tipo_id`,`tipo_acc_id`),
  KEY `index_catTipo_tipoAcc_on_tipoAcc_id_and_catTipo_id` (`tipo_acc_id`,`cat_tipo_id`)
) ENGINE=InnoDB DEFAULT CHARSET=utf8 COLLATE=utf8_unicode_ci;
/*!40101 SET character_set_client = @saved_cs_client */;

--
-- Dumping data for table `cat_tipos_tipo_accs`
--

LOCK TABLES `cat_tipos_tipo_accs` WRITE;
/*!40000 ALTER TABLE `cat_tipos_tipo_accs` DISABLE KEYS */;
INSERT INTO `cat_tipos_tipo_accs` VALUES (1,1),(1,3),(1,4),(1,5),(1,8),(1,9),(1,10),(1,11),(1,12),(1,13),(2,1),(2,2),(2,4),(2,6),(2,7),(2,8),(2,9),(2,10),(2,11),(2,12),(2,13),(3,1),(3,4),(3,8),(3,9),(3,10),(3,11),(3,12),(3,13),(4,1),(4,4),(4,8),(4,9),(4,10),(4,11),(4,12),(4,13);
/*!40000 ALTER TABLE `cat_tipos_tipo_accs` ENABLE KEYS */;
UNLOCK TABLES;

--
-- Table structure for table `animals_movimientos`
--

DROP TABLE IF EXISTS `animals_movimientos`;
/*!40101 SET @saved_cs_client     = @@character_set_client */;
/*!40101 SET character_set_client = utf8 */;
CREATE TABLE `animals_movimientos` (
  `animal_id` int(11) DEFAULT NULL,
  `movimiento_id` int(11) DEFAULT NULL,
  KEY `index_animals_movimientos_on_animal_id_and_movimiento_id` (`animal_id`,`movimiento_id`)
) ENGINE=InnoDB DEFAULT CHARSET=utf8 COLLATE=utf8_unicode_ci;
/*!40101 SET character_set_client = @saved_cs_client */;

--
-- Dumping data for table `animals_movimientos`
--

LOCK TABLES `animals_movimientos` WRITE;
/*!40000 ALTER TABLE `animals_movimientos` DISABLE KEYS */;
INSERT INTO `animals_movimientos` VALUES (1324,167),(1324,171),(1324,185),(1325,167),(1325,171),(1325,185),(1326,167),(1326,171),(1326,185),(1327,167),(1327,171),(1327,194),(1328,167),(1328,171),(1328,194),(1329,167),(1329,171),(1329,194),(1330,167),(1330,171),(1330,194),(1331,167),(1331,171),(1331,259),(1332,167),(1332,171),(1332,259),(1333,167),(1333,171),(1333,259),(1334,167),(1334,171),(1334,259),(1335,167),(1335,171),(1335,259),(1336,167),(1336,171),(1336,259),(1337,167),(1337,171),(1337,259),(1338,167),(1338,171),(1338,183),(1339,167),(1339,171),(1339,183),(1340,167),(1340,171),(1340,183),(1341,167),(1341,171),(1341,183),(1342,167),(1342,171),(1342,183),(1343,167),(1343,171),(1343,183),(1344,167),(1344,171),(1344,183),(1345,167),(1345,171),(1345,259),(1346,167),(1346,171),(1346,259),(1347,167),(1347,171),(1347,259),(1348,167),(1348,171),(1348,259),(1349,167),(1349,171),(1349,259),(1350,167),(1350,171),(1350,259),(1351,167),(1351,171),(1351,259),(1352,167),(1352,171),(1352,259),(1353,167),(1353,171),(1353,259),(1354,167),(1354,171),(1354,259),(1355,167),(1355,171),(1355,259),(1356,167),(1356,171),(1356,259),(1357,167),(1357,171),(1357,259),(1358,167),(1358,171),(1358,259),(1359,167),(1359,171),(1359,259),(1360,167),(1360,171),(1360,259),(1361,167),(1361,171),(1361,259),(1362,167),(1362,171),(1362,259),(1363,167),(1363,171),(1363,259),(1364,167),(1364,171),(1364,259),(1365,167),(1365,171),(1365,259),(1366,167),(1366,171),(1366,259),(1367,167),(1367,171),(1367,259),(1368,167),(1368,171),(1368,259),(1369,167),(1369,171),(1369,259),(1370,167),(1370,171),(1370,259),(1371,167),(1371,171),(1371,259),(1372,167),(1372,171),(1372,259),(1373,167),(1373,171),(1373,259),(1374,167),(1374,171),(1374,259),(1375,167),(1375,171),(1375,259),(1376,167),(1376,171),(1376,259),(1377,167),(1377,171),(1377,259),(1378,167),(1378,171),(1378,259),(1379,167),(1379,171),(1379,259),(1380,167),(1380,171),(1380,259),(1381,167),(1381,171),(1381,259),(1382,167),(1382,171),(1382,259),(1383,167),(1383,171),(1383,259),(1384,167),(1384,171),(1384,259),(1385,167),(1385,171),(1385,259),(1386,167),(1386,171),(1386,259),(1387,167),(1387,171),(1387,259),(1388,167),(1388,171),(1388,259),(1389,167),(1389,171),(1389,259),(1390,167),(1390,171),(1390,259),(1391,167),(1391,171),(1391,259),(1392,167),(1392,171),(1392,259),(1393,167),(1393,171),(1394,167),(1394,171),(1395,167),(1395,171),(1396,167),(1396,171),(1397,167),(1397,171),(1398,167),(1398,171),(1399,167),(1399,171),(1400,167),(1400,171),(1401,167),(1401,171),(1402,167),(1402,171),(1403,167),(1403,171),(1404,167),(1404,171),(1405,167),(1405,171),(1406,167),(1406,171),(1407,167),(1407,171),(1408,167),(1408,171),(1409,167),(1409,171),(1410,167),(1410,171),(1411,167),(1411,171),(1412,167),(1412,171),(1413,167),(1413,171),(1414,167),(1414,171),(1415,167),(1415,171),(1416,167),(1416,171),(1417,167),(1417,171),(1418,167),(1418,171),(1419,167),(1419,171),(1420,167),(1420,171),(1421,167),(1421,171),(1422,167),(1422,171),(1423,167),(1423,171),(1424,167),(1424,171),(1425,167),(1425,171),(1426,167),(1426,171),(1427,167),(1427,171),(1428,167),(1428,171),(1429,167),(1429,171),(1430,167),(1430,171),(1431,167),(1431,171),(1432,167),(1432,171),(1433,167),(1433,171),(1434,167),(1434,172),(1434,186),(1435,167),(1435,172),(1435,186),(1436,167),(1436,172),(1436,186),(1437,167),(1437,172),(1437,186),(1438,167),(1438,172),(1438,186),(1439,167),(1439,172),(1439,186),(1440,167),(1440,173),(1441,167),(1441,173),(1442,167),(1442,173),(1443,167),(1443,173),(1444,167),(1444,173),(1445,167),(1445,173),(1446,167),(1446,173),(1447,167),(1447,173),(1448,167),(1448,173),(1449,167),(1449,173),(1450,167),(1450,173),(1451,167),(1451,173),(1452,168),(1452,173),(1453,168),(1453,173),(1454,168),(1454,173),(1455,168),(1455,173),(1456,168),(1456,173),(1457,168),(1457,173),(1458,168),(1458,173),(1459,168),(1459,173),(1460,168),(1460,173),(1461,168),(1461,173),(1462,168),(1462,173),(1463,168),(1463,173),(1464,168),(1464,173),(1465,168),(1465,173),(1466,168),(1466,173),(1467,168),(1467,173),(1468,168),(1468,173),(1469,168),(1469,173),(1470,168),(1470,173),(1471,168),(1471,173),(1472,168),(1472,173),(1473,168),(1473,173),(1474,168),(1474,173),(1475,168),(1475,173),(1476,168),(1476,173),(1477,168),(1477,173),(1478,168),(1478,173),(1479,168),(1479,173),(1480,168),(1480,173),(1481,168),(1481,173),(1482,168),(1482,173),(1483,168),(1483,173),(1484,168),(1484,173),(1485,168),(1485,173),(1486,168),(1486,173),(1487,168),(1487,173),(1488,168),(1488,173),(1489,168),(1489,173),(1490,168),(1490,173),(1491,168),(1491,173),(1492,168),(1492,173),(1493,168),(1493,173),(1494,168),(1494,173),(1495,168),(1495,173),(1496,168),(1496,173),(1497,168),(1497,173),(1498,168),(1498,173),(1499,168),(1499,173),(1500,168),(1500,173),(1501,168),(1501,173),(1502,168),(1502,173),(1503,168),(1503,173),(1504,168),(1504,173),(1505,168),(1505,173),(1506,168),(1506,174),(1506,186),(1507,168),(1507,174),(1507,186),(1508,168),(1508,174),(1508,186),(1509,168),(1509,174),(1509,186),(1510,168),(1510,174),(1510,186),(1511,168),(1511,175),(1511,182),(1512,168),(1512,175),(1512,182),(1513,168),(1513,175),(1513,182),(1514,168),(1514,175),(1514,182),(1515,168),(1515,175),(1515,182),(1516,168),(1516,175),(1516,182),(1517,168),(1517,175),(1517,182),(1518,168),(1518,175),(1518,182),(1519,168),(1519,175),(1519,182),(1520,168),(1520,175),(1520,182),(1521,168),(1521,175),(1521,182),(1522,168),(1522,175),(1522,184),(1523,168),(1523,176),(1524,168),(1524,176),(1525,168),(1525,176),(1526,168),(1526,176),(1527,168),(1527,176),(1528,168),(1528,176),(1529,168),(1529,176),(1530,168),(1530,176),(1531,168),(1531,176),(1532,168),(1532,176),(1533,168),(1533,176),(1534,168),(1534,176),(1535,169),(1535,177),(1535,261),(1536,169),(1536,177),(1536,261),(1537,169),(1537,177),(1537,261),(1538,169),(1538,177),(1538,261),(1539,169),(1539,177),(1539,261),(1540,169),(1540,177),(1541,169),(1541,177),(1542,169),(1542,177),(1543,169),(1543,177),(1544,169),(1544,177),(1545,169),(1545,177),(1546,169),(1546,177),(1547,169),(1547,177),(1548,169),(1548,177),(1549,169),(1549,177),(1550,169),(1550,177),(1551,169),(1551,177),(1552,169),(1552,177),(1553,169),(1553,177),(1554,169),(1554,177),(1555,169),(1555,177),(1556,169),(1556,177),(1557,169),(1557,177),(1558,169),(1558,178),(1559,169),(1559,178),(1560,169),(1560,178),(1561,169),(1561,178),(1562,170),(1562,179),(1563,170),(1563,179),(1564,170),(1564,179),(1565,170),(1565,179),(1566,170),(1566,179),(1567,170),(1567,179),(1568,170),(1568,179),(1569,170),(1569,179),(1570,170),(1570,179),(1571,170),(1571,179),(1572,170),(1572,179),(1573,170),(1573,179),(1574,170),(1574,179),(1575,170),(1575,179),(1576,170),(1576,179),(1577,170),(1577,179),(1578,170),(1578,179),(1579,170),(1579,179),(1580,170),(1580,179),(1581,170),(1581,180),(1582,170),(1582,180),(1583,170),(1583,180),(1584,170),(1584,180),(1585,170),(1585,180),(1586,170),(1586,180),(1587,170),(1587,180),(1588,170),(1588,180),(1589,170),(1589,180),(1590,170),(1590,180),(1591,170),(1591,180),(1592,170),(1593,187),(1594,187),(1595,187),(1596,187),(1597,187),(1598,187),(1599,187),(1600,187),(1601,187),(1602,187),(1603,187),(1604,187),(1605,187),(1606,187),(1607,187),(1608,187),(1609,187),(1610,187),(1611,187),(1612,187),(1613,187),(1614,187),(1615,187),(1616,187),(1617,187),(1618,187),(1619,187),(1620,187),(1621,187),(1622,187),(1623,187),(1624,187),(1625,187),(1626,187),(1627,187),(1628,187),(1629,187),(1630,187),(1631,187),(1632,187),(1633,187),(1634,187),(1635,187),(1636,187),(1637,187),(1638,187),(1639,187),(1640,187),(1641,187),(1642,187),(1643,187),(1644,187),(1645,187),(1646,187),(1647,187),(1648,187),(1649,187),(1650,187),(1651,187),(1652,187),(1653,187),(1654,187),(1655,187),(1656,187),(1657,187),(1658,187),(1659,187),(1660,187),(1661,187),(1662,187),(1663,187),(1664,187),(1665,188),(1666,188),(1667,188),(1675,193),(1676,193),(1677,193),(1678,193),(1684,222),(1685,222),(1686,222),(1687,222),(1689,209),(1704,206),(1705,206),(1706,206),(1707,206),(1708,206),(1709,206),(1710,206),(1711,206),(1712,206),(1713,206),(1714,207),(1715,207),(1716,208),(1716,210),(1716,211),(1717,212),(1717,213),(1717,216),(1718,212),(1718,213),(1718,216),(1719,212),(1719,213),(1719,216),(1720,212),(1720,213),(1720,216),(1721,212),(1721,213),(1721,216),(1722,212),(1722,213),(1722,216),(1723,212),(1723,213),(1723,216),(1724,212),(1724,213),(1724,216),(1725,212),(1725,213),(1725,216),(1726,212),(1726,214),(1727,215),(1727,217),(1728,215),(1728,217),(1729,215),(1729,217),(1730,215),(1730,217),(1731,215),(1731,217),(1732,215),(1732,217),(1733,215),(1733,217),(1734,215),(1734,217),(1735,215),(1735,218),(1736,219),(1736,220),(1737,219),(1737,220),(1738,219),(1738,220),(1739,219),(1739,220),(1740,219),(1740,220),(1741,219),(1741,220),(1742,219),(1742,220),(1743,219),(1743,220),(1744,219),(1744,220),(1745,219),(1745,221),(1746,223),(1746,235),(1746,239),(1746,240),(1746,245),(1746,248),(1746,252),(1746,256),(1747,223),(1747,235),(1747,239),(1747,240),(1747,245),(1747,248),(1747,252),(1747,256),(1748,223),(1748,235),(1748,239),(1748,240),(1748,245),(1748,248),(1748,252),(1748,256),(1749,223),(1749,235),(1749,239),(1749,240),(1749,245),(1749,248),(1749,252),(1749,256),(1750,223),(1750,235),(1750,239),(1750,240),(1750,245),(1750,248),(1750,252),(1750,256),(1751,223),(1751,235),(1751,239),(1751,240),(1751,245),(1751,248),(1751,252),(1751,256),(1752,223),(1752,235),(1752,239),(1752,240),(1752,245),(1752,248),(1752,252),(1752,256),(1753,223),(1753,235),(1753,239),(1753,240),(1753,245),(1753,248),(1753,252),(1753,256),(1754,223),(1754,235),(1754,239),(1754,240),(1754,245),(1754,248),(1754,252),(1754,256),(1755,223),(1755,235),(1755,239),(1755,240),(1755,245),(1755,248),(1755,252),(1755,256),(1756,223),(1756,235),(1756,239),(1756,240),(1756,245),(1756,248),(1756,252),(1756,256),(1757,223),(1757,235),(1757,239),(1757,240),(1757,245),(1757,248),(1757,252),(1757,256),(1758,223),(1758,235),(1758,239),(1758,240),(1758,245),(1758,248),(1758,252),(1758,256),(1759,223),(1759,235),(1759,239),(1759,240),(1759,245),(1759,248),(1759,252),(1759,256),(1760,223),(1760,235),(1760,239),(1760,240),(1760,245),(1760,248),(1760,252),(1760,256),(1761,223),(1761,235),(1761,239),(1761,240),(1761,245),(1761,248),(1761,252),(1761,256),(1762,223),(1762,235),(1762,239),(1762,240),(1762,245),(1762,248),(1762,252),(1762,256),(1763,223),(1763,235),(1763,239),(1763,240),(1763,245),(1763,248),(1763,252),(1763,256),(1764,223),(1764,235),(1764,239),(1764,240),(1764,245),(1764,248),(1764,252),(1764,256),(1765,223),(1765,235),(1765,239),(1765,240),(1765,245),(1765,248),(1765,252),(1765,256),(1766,223),(1766,235),(1766,239),(1766,240),(1766,245),(1766,248),(1766,252),(1766,256),(1767,223),(1767,235),(1767,239),(1767,240),(1767,245),(1767,248),(1767,252),(1767,256),(1768,223),(1768,235),(1768,241),(1768,246),(1768,249),(1768,250),(1769,223),(1769,236),(1769,237),(1770,223),(1770,236),(1770,237),(1776,227),(1776,230),(1776,247),(1777,227),(1778,228),(1778,231),(1780,238),(1780,242),(1780,244),(1781,238),(1781,242),(1781,244),(1782,238),(1782,242),(1782,244),(1783,238),(1783,242),(1783,244),(1784,238),(1784,242),(1784,244),(1785,238),(1785,242),(1785,244),(1786,238),(1786,242),(1786,244),(1787,238),(1787,242),(1787,244),(1788,238),(1788,242),(1788,244),(1789,238),(1789,242),(1789,244),(1790,238),(1790,242),(1790,244),(1791,238),(1791,242),(1791,244),(1792,238),(1792,242),(1792,244),(1793,238),(1793,242),(1793,244),(1794,238),(1794,242),(1794,244),(1795,238),(1795,242),(1795,244),(1796,238),(1796,242),(1796,244),(1797,238),(1797,242),(1797,244),(1798,238),(1798,242),(1798,244),(1799,238),(1799,242),(1799,244),(1800,238),(1800,242),(1800,244),(1801,238),(1801,242),(1801,244),(1824,251),(1824,253),(1824,257),(1825,251),(1825,253),(1825,257),(1826,251),(1826,253),(1826,257),(1827,251),(1827,253),(1827,257),(1828,251),(1828,253),(1828,257),(1829,251),(1829,253),(1829,257),(1830,251),(1830,253),(1830,257),(1831,251),(1831,253),(1831,257),(1832,251),(1832,253),(1832,257),(1833,251),(1833,253),(1833,257),(1834,251),(1834,253),(1834,257),(1835,251),(1835,255),(1836,251),(1836,255),(1837,251),(1837,255),(1838,251),(1838,255),(1839,251),(1839,255),(1840,251),(1840,255),(1841,251),(1841,255),(1842,251),(1842,255),(1843,251),(1843,255),(1844,251),(1844,255),(1845,251),(1845,255),(1846,258),(1847,258),(1848,258),(1849,258),(1850,258),(1851,258),(1852,258),(1853,258),(1854,258),(1855,258),(1856,258),(1857,258),(1858,258),(1859,258),(1860,258),(1861,258),(1862,258),(1863,258),(1864,258),(1865,258),(1866,258),(1867,258),(1868,258),(1869,258),(1870,258),(1871,258),(1872,258),(1873,258),(1874,258),(1875,258),(1876,258),(1877,258),(1878,258),(1879,258),(1880,258),(1881,258),(1882,258),(1883,258),(1884,258),(1885,258),(1886,258),(1887,258),(1888,258),(1889,258),(1890,258),(1891,258),(1892,258),(1893,258),(1894,258),(1895,258),(1896,258),(1897,258),(1898,258),(1899,258),(1900,258),(1901,260),(1902,260),(1903,260),(1904,260),(1905,260),(1906,262),(1907,262),(1908,262),(1909,262),(1910,262),(1911,262),(1912,262),(1913,262),(1914,262),(1915,262);
/*!40000 ALTER TABLE `animals_movimientos` ENABLE KEYS */;
UNLOCK TABLES;

--
-- Table structure for table `permisos`
--

DROP TABLE IF EXISTS `permisos`;
/*!40101 SET @saved_cs_client     = @@character_set_client */;
/*!40101 SET character_set_client = utf8 */;
CREATE TABLE `permisos` (
  `id` int(11) NOT NULL AUTO_INCREMENT,
  `establecimiento_id` int(11) DEFAULT NULL,
  `user_id` int(11) DEFAULT NULL,
  `permiso` int(11) DEFAULT NULL,
  `created_at` datetime DEFAULT NULL,
  `updated_at` datetime DEFAULT NULL,
  `empresa_id` int(11) DEFAULT NULL,
  PRIMARY KEY (`id`),
  KEY `index_permisos_on_empresa_id` (`empresa_id`)
) ENGINE=InnoDB AUTO_INCREMENT=19 DEFAULT CHARSET=utf8 COLLATE=utf8_unicode_ci;
/*!40101 SET character_set_client = @saved_cs_client */;

--
-- Dumping data for table `permisos`
--

LOCK TABLES `permisos` WRITE;
/*!40000 ALTER TABLE `permisos` DISABLE KEYS */;
INSERT INTO `permisos` VALUES (2,10,4,1,'2013-07-26 21:49:57','2013-08-30 20:42:22',NULL),(3,11,4,1,'2013-07-26 21:50:07','2013-08-30 20:42:22',NULL),(4,10,5,1,'2013-07-29 23:33:37','2013-07-31 12:55:00',NULL),(5,11,5,1,'2013-07-31 12:53:47','2013-07-31 12:55:00',NULL),(6,10,6,0,'2013-07-31 12:56:03','2013-09-04 13:28:30',NULL),(7,11,6,0,'2013-07-31 12:56:07','2013-09-04 13:28:31',NULL),(8,12,4,0,'2013-08-03 22:53:02','2013-08-15 23:39:23',NULL),(9,12,6,1,'2013-08-03 22:53:33','2013-09-04 13:28:31',NULL),(10,12,7,1,'2013-08-05 13:48:12','2013-08-17 00:07:07',NULL),(11,11,7,0,'2013-08-05 13:48:18','2013-08-17 00:07:00',NULL),(12,NULL,4,0,'2013-08-15 23:38:03','2013-08-15 23:39:23',5),(13,NULL,4,1,'2013-08-15 23:38:57','2013-08-30 20:42:23',6),(14,NULL,4,1,'2013-08-15 23:39:13','2013-08-30 20:42:23',7),(15,NULL,7,1,'2013-08-17 00:05:56','2013-08-17 00:07:07',8),(17,NULL,6,1,'2013-08-17 00:31:26','2013-09-04 13:28:31',9),(18,NULL,6,1,'2013-08-19 20:43:25','2013-09-04 13:28:31',10);
/*!40000 ALTER TABLE `permisos` ENABLE KEYS */;
UNLOCK TABLES;

--
-- Table structure for table `categories`
--

DROP TABLE IF EXISTS `categories`;
/*!40101 SET @saved_cs_client     = @@character_set_client */;
/*!40101 SET character_set_client = utf8 */;
CREATE TABLE `categories` (
  `id` int(11) NOT NULL AUTO_INCREMENT,
  `nombre` varchar(255) COLLATE utf8_unicode_ci DEFAULT NULL,
  `desc` varchar(255) COLLATE utf8_unicode_ci DEFAULT NULL,
  `catTipo_id` int(11) DEFAULT NULL,
  `created_at` datetime NOT NULL,
  `updated_at` datetime NOT NULL,
  `pesoEstandard` int(11) DEFAULT NULL,
  PRIMARY KEY (`id`),
  KEY `index_categories_on_categoriasTipo_id` (`catTipo_id`)
) ENGINE=InnoDB AUTO_INCREMENT=12 DEFAULT CHARSET=utf8 COLLATE=utf8_unicode_ci;
/*!40101 SET character_set_client = @saved_cs_client */;

--
-- Dumping data for table `categories`
--

LOCK TABLES `categories` WRITE;
/*!40000 ALTER TABLE `categories` DISABLE KEYS */;
INSERT INTO `categories` VALUES (1,'VACA','',1,'2013-04-02 15:36:41','2013-07-23 23:39:11',450),(2,'VAQUILLONA 2S','',1,'2013-04-02 15:36:48','2013-07-26 21:51:27',400),(3,'TERNERAS RC','',4,'2013-04-02 15:36:55','2013-08-01 00:23:39',280),(5,'TORITO','',3,'2013-04-13 20:07:12','2013-07-26 21:51:48',350),(6,'VAQUILLONA 1S','',1,'2013-07-26 21:51:41','2013-07-26 21:51:41',320),(7,'TORO','',3,'2013-07-26 21:52:11','2013-08-03 22:49:36',600),(8,'TERNERAS LOPEZ','',4,'2013-08-01 00:26:38','2013-08-01 00:26:38',280),(9,'OREJANO','',2,'2013-08-01 03:25:50','2013-08-01 03:25:50',50),(10,'TERNEROS','',4,'2013-08-17 01:06:49','2013-08-17 01:07:27',280),(11,'TERNERAS','',4,'2013-08-17 01:07:50','2013-08-17 01:07:50',280);
/*!40000 ALTER TABLE `categories` ENABLE KEYS */;
UNLOCK TABLES;

--
-- Table structure for table `cat_tipos`
--

DROP TABLE IF EXISTS `cat_tipos`;
/*!40101 SET @saved_cs_client     = @@character_set_client */;
/*!40101 SET character_set_client = utf8 */;
CREATE TABLE `cat_tipos` (
  `id` int(11) NOT NULL AUTO_INCREMENT,
  `nombre` varchar(255) COLLATE utf8_unicode_ci DEFAULT NULL,
  `desc` varchar(255) COLLATE utf8_unicode_ci DEFAULT NULL,
  `created_at` datetime NOT NULL,
  `updated_at` datetime NOT NULL,
  PRIMARY KEY (`id`)
) ENGINE=InnoDB AUTO_INCREMENT=5 DEFAULT CHARSET=utf8 COLLATE=utf8_unicode_ci;
/*!40101 SET character_set_client = @saved_cs_client */;

--
-- Dumping data for table `cat_tipos`
--

LOCK TABLES `cat_tipos` WRITE;
/*!40000 ALTER TABLE `cat_tipos` DISABLE KEYS */;
INSERT INTO `cat_tipos` VALUES (1,'REP. HEMBRA','','2013-04-02 15:36:12','2013-04-02 15:36:12'),(2,'TERNERO','','2013-04-02 15:36:26','2013-04-02 15:36:26'),(3,'REP. MACHO','','2013-04-13 20:04:33','2013-04-13 20:04:33'),(4,'RECRIA','','2013-08-01 00:23:08','2013-08-01 00:23:08');
/*!40000 ALTER TABLE `cat_tipos` ENABLE KEYS */;
UNLOCK TABLES;

--
-- Table structure for table `schema_migrations`
--

DROP TABLE IF EXISTS `schema_migrations`;
/*!40101 SET @saved_cs_client     = @@character_set_client */;
/*!40101 SET character_set_client = utf8 */;
CREATE TABLE `schema_migrations` (
  `version` varchar(255) COLLATE utf8_unicode_ci NOT NULL,
  UNIQUE KEY `unique_schema_migrations` (`version`)
) ENGINE=InnoDB DEFAULT CHARSET=utf8 COLLATE=utf8_unicode_ci;
/*!40101 SET character_set_client = @saved_cs_client */;

--
-- Dumping data for table `schema_migrations`
--

LOCK TABLES `schema_migrations` WRITE;
/*!40000 ALTER TABLE `schema_migrations` DISABLE KEYS */;
INSERT INTO `schema_migrations` VALUES ('20130311154400'),('20130311154427'),('20130311154546'),('20130311162100'),('20130311163043'),('20130311163132'),('20130311164612'),('20130311165201'),('20130311193656'),('20130311232700'),('20130311232851'),('20130311235259'),('20130312000539'),('20130312002506'),('20130312021857'),('20130312024643'),('20130312183552'),('20130317134029'),('20130317170149'),('20130317170728'),('20130317173302'),('20130325134044'),('20130325141014'),('20130325141230'),('20130325141808'),('20130327183540'),('20130327210824'),('20130328040839'),('20130401230238'),('20130402200540'),('20130414212635'),('20130720231713'),('20130720235935'),('20130721000001'),('20130721212953'),('20130722144458'),('20130722150720'),('20130723015140'),('20130815170751'),('20130815171831'),('20130815184935'),('20130816030933'),('20130816153044'),('20130816153717'),('20130816154931'),('20130816155124'),('20130816155329'),('20130816155933'),('20130816191933'),('20130816191958'),('20130816192351'),('20130816200814'),('20130816203924'),('20130831135340'),('20130831142546'),('20130831212300'),('20130831230127'),('20130902014520'),('20130903140331'),('20130903165031'),('20130905224938'),('20130915231613'),('20130916143715'),('20130916155629'),('20130922222243'),('20130924220008'),('20130926205256'),('20131001215104'),('20131001215812'),('20131001222604'),('20131001222849');
/*!40000 ALTER TABLE `schema_migrations` ENABLE KEYS */;
UNLOCK TABLES;

--
-- Table structure for table `animals`
--

DROP TABLE IF EXISTS `animals`;
/*!40101 SET @saved_cs_client     = @@character_set_client */;
/*!40101 SET character_set_client = utf8 */;
CREATE TABLE `animals` (
  `id` int(11) NOT NULL AUTO_INCREMENT,
  `rp` int(11) DEFAULT NULL,
  `activo` tinyint(1) DEFAULT NULL,
  `nombre` varchar(255) COLLATE utf8_unicode_ci DEFAULT NULL,
  `desc` varchar(255) COLLATE utf8_unicode_ci DEFAULT NULL,
  `created_at` datetime NOT NULL,
  `updated_at` datetime NOT NULL,
  PRIMARY KEY (`id`)
) ENGINE=InnoDB AUTO_INCREMENT=1916 DEFAULT CHARSET=utf8 COLLATE=utf8_unicode_ci;
/*!40101 SET character_set_client = @saved_cs_client */;

--
-- Dumping data for table `animals`
--

LOCK TABLES `animals` WRITE;
/*!40000 ALTER TABLE `animals` DISABLE KEYS */;
INSERT INTO `animals` VALUES (1324,NULL,0,NULL,'Creado por el movimiento Origen','2013-07-26 21:54:11','2013-07-31 22:43:27'),(1325,NULL,0,NULL,'Creado por el movimiento Origen','2013-07-26 21:54:11','2013-07-31 22:43:27'),(1326,NULL,0,NULL,'Creado por el movimiento Origen','2013-07-26 21:54:11','2013-07-31 22:43:27'),(1327,NULL,1,NULL,'Creado por el movimiento Origen','2013-07-26 21:54:11','2013-07-31 22:45:34'),(1328,NULL,1,NULL,'Creado por el movimiento Origen','2013-07-26 21:54:11','2013-07-31 22:45:34'),(1329,NULL,1,NULL,'Creado por el movimiento Origen','2013-07-26 21:54:11','2013-07-31 22:45:34'),(1330,NULL,1,NULL,'Creado por el movimiento Origen','2013-07-26 21:54:11','2013-07-31 22:45:34'),(1331,NULL,1,NULL,'Creado por el movimiento Origen','2013-07-26 21:54:11','2013-08-03 15:44:07'),(1332,NULL,1,NULL,'Creado por el movimiento Origen','2013-07-26 21:54:11','2013-08-03 15:24:41'),(1333,NULL,1,NULL,'Creado por el movimiento Origen','2013-07-26 21:54:11','2013-08-03 15:24:44'),(1334,NULL,1,NULL,'Creado por el movimiento Origen','2013-07-26 21:54:11','2013-08-03 15:24:46'),(1335,NULL,1,NULL,'Creado por el movimiento Origen','2013-07-26 21:54:11','2013-08-03 15:24:49'),(1336,NULL,1,NULL,'Creado por el movimiento Origen','2013-07-26 21:54:11','2013-08-03 15:24:51'),(1337,NULL,1,NULL,'Creado por el movimiento Origen','2013-07-26 21:54:11','2013-07-31 22:45:34'),(1338,NULL,0,NULL,'Creado por el movimiento Origen','2013-07-26 21:54:11','2013-07-31 22:39:16'),(1339,NULL,0,NULL,'Creado por el movimiento Origen','2013-07-26 21:54:12','2013-07-31 22:39:16'),(1340,NULL,0,NULL,'Creado por el movimiento Origen','2013-07-26 21:54:12','2013-07-31 22:39:16'),(1341,NULL,0,NULL,'Creado por el movimiento Origen','2013-07-26 21:54:12','2013-07-31 22:39:16'),(1342,NULL,0,NULL,'Creado por el movimiento Origen','2013-07-26 21:54:12','2013-07-31 22:39:16'),(1343,NULL,0,NULL,'Creado por el movimiento Origen','2013-07-26 21:54:12','2013-07-31 22:39:16'),(1344,NULL,0,NULL,'Creado por el movimiento Origen','2013-07-26 21:54:12','2013-07-31 22:39:17'),(1345,NULL,1,NULL,'Creado por el movimiento Origen','2013-07-26 21:54:12','2013-07-26 21:54:12'),(1346,NULL,1,NULL,'Creado por el movimiento Origen','2013-07-26 21:54:12','2013-07-26 21:54:12'),(1347,NULL,1,NULL,'Creado por el movimiento Origen','2013-07-26 21:54:12','2013-07-26 21:54:12'),(1348,NULL,1,NULL,'Creado por el movimiento Origen','2013-07-26 21:54:12','2013-07-26 21:54:12'),(1349,NULL,1,NULL,'Creado por el movimiento Origen','2013-07-26 21:54:12','2013-07-26 21:54:12'),(1350,NULL,1,NULL,'Creado por el movimiento Origen','2013-07-26 21:54:12','2013-07-26 21:54:12'),(1351,NULL,1,NULL,'Creado por el movimiento Origen','2013-07-26 21:54:12','2013-07-26 21:54:12'),(1352,NULL,1,NULL,'Creado por el movimiento Origen','2013-07-26 21:54:12','2013-07-26 21:54:12'),(1353,NULL,1,NULL,'Creado por el movimiento Origen','2013-07-26 21:54:12','2013-07-26 21:54:12'),(1354,NULL,1,NULL,'Creado por el movimiento Origen','2013-07-26 21:54:12','2013-07-26 21:54:12'),(1355,NULL,1,NULL,'Creado por el movimiento Origen','2013-07-26 21:54:12','2013-07-26 21:54:12'),(1356,NULL,1,NULL,'Creado por el movimiento Origen','2013-07-26 21:54:12','2013-07-26 21:54:12'),(1357,NULL,1,NULL,'Creado por el movimiento Origen','2013-07-26 21:54:12','2013-07-26 21:54:12'),(1358,NULL,1,NULL,'Creado por el movimiento Origen','2013-07-26 21:54:12','2013-07-26 21:54:12'),(1359,NULL,1,NULL,'Creado por el movimiento Origen','2013-07-26 21:54:12','2013-07-26 21:54:12'),(1360,NULL,1,NULL,'Creado por el movimiento Origen','2013-07-26 21:54:12','2013-07-26 21:54:12'),(1361,NULL,1,NULL,'Creado por el movimiento Origen','2013-07-26 21:54:12','2013-07-26 21:54:12'),(1362,NULL,1,NULL,'Creado por el movimiento Origen','2013-07-26 21:54:12','2013-07-26 21:54:12'),(1363,NULL,1,NULL,'Creado por el movimiento Origen','2013-07-26 21:54:12','2013-07-26 21:54:12'),(1364,NULL,1,NULL,'Creado por el movimiento Origen','2013-07-26 21:54:12','2013-07-26 21:54:12'),(1365,NULL,1,NULL,'Creado por el movimiento Origen','2013-07-26 21:54:12','2013-07-26 21:54:12'),(1366,NULL,1,NULL,'Creado por el movimiento Origen','2013-07-26 21:54:13','2013-07-26 21:54:13'),(1367,NULL,1,NULL,'Creado por el movimiento Origen','2013-07-26 21:54:13','2013-07-26 21:54:13'),(1368,NULL,1,NULL,'Creado por el movimiento Origen','2013-07-26 21:54:13','2013-07-26 21:54:13'),(1369,NULL,1,NULL,'Creado por el movimiento Origen','2013-07-26 21:54:13','2013-07-26 21:54:13'),(1370,NULL,1,NULL,'Creado por el movimiento Origen','2013-07-26 21:54:13','2013-07-26 21:54:13'),(1371,NULL,1,NULL,'Creado por el movimiento Origen','2013-07-26 21:54:13','2013-07-26 21:54:13'),(1372,NULL,1,NULL,'Creado por el movimiento Origen','2013-07-26 21:54:13','2013-07-26 21:54:13'),(1373,NULL,1,NULL,'Creado por el movimiento Origen','2013-07-26 21:54:13','2013-07-26 21:54:13'),(1374,NULL,1,NULL,'Creado por el movimiento Origen','2013-07-26 21:54:13','2013-07-26 21:54:13'),(1375,NULL,1,NULL,'Creado por el movimiento Origen','2013-07-26 21:54:13','2013-07-26 21:54:13'),(1376,NULL,1,NULL,'Creado por el movimiento Origen','2013-07-26 21:54:13','2013-07-26 21:54:13'),(1377,NULL,1,NULL,'Creado por el movimiento Origen','2013-07-26 21:54:13','2013-07-26 21:54:13'),(1378,NULL,1,NULL,'Creado por el movimiento Origen','2013-07-26 21:54:13','2013-07-26 21:54:13'),(1379,NULL,1,NULL,'Creado por el movimiento Origen','2013-07-26 21:54:13','2013-07-26 21:54:13'),(1380,NULL,1,NULL,'Creado por el movimiento Origen','2013-07-26 21:54:13','2013-07-26 21:54:13'),(1381,NULL,1,NULL,'Creado por el movimiento Origen','2013-07-26 21:54:13','2013-07-26 21:54:13'),(1382,NULL,1,NULL,'Creado por el movimiento Origen','2013-07-26 21:54:13','2013-07-26 21:54:13'),(1383,NULL,1,NULL,'Creado por el movimiento Origen','2013-07-26 21:54:14','2013-07-26 21:54:14'),(1384,NULL,1,NULL,'Creado por el movimiento Origen','2013-07-26 21:54:14','2013-07-26 21:54:14'),(1385,NULL,1,NULL,'Creado por el movimiento Origen','2013-07-26 21:54:14','2013-07-26 21:54:14'),(1386,NULL,1,NULL,'Creado por el movimiento Origen','2013-07-26 21:54:14','2013-07-26 21:54:14'),(1387,NULL,1,NULL,'Creado por el movimiento Origen','2013-07-26 21:54:14','2013-07-26 21:54:14'),(1388,NULL,1,NULL,'Creado por el movimiento Origen','2013-07-26 21:54:14','2013-07-26 21:54:14'),(1389,NULL,1,NULL,'Creado por el movimiento Origen','2013-07-26 21:54:14','2013-07-26 21:54:14'),(1390,NULL,1,NULL,'Creado por el movimiento Origen','2013-07-26 21:54:14','2013-07-26 21:54:14'),(1391,NULL,1,NULL,'Creado por el movimiento Origen','2013-07-26 21:54:14','2013-07-26 21:54:14'),(1392,NULL,1,NULL,'Creado por el movimiento Origen','2013-07-26 21:54:14','2013-07-26 21:54:14'),(1393,NULL,1,NULL,'Creado por el movimiento Origen','2013-07-26 21:54:14','2013-07-26 21:54:14'),(1394,NULL,1,NULL,'Creado por el movimiento Origen','2013-07-26 21:54:14','2013-07-26 21:54:14'),(1395,NULL,1,NULL,'Creado por el movimiento Origen','2013-07-26 21:54:14','2013-07-26 21:54:14'),(1396,NULL,1,NULL,'Creado por el movimiento Origen','2013-07-26 21:54:14','2013-07-26 21:54:14'),(1397,NULL,1,NULL,'Creado por el movimiento Origen','2013-07-26 21:54:14','2013-07-26 21:54:14'),(1398,NULL,1,NULL,'Creado por el movimiento Origen','2013-07-26 21:54:14','2013-07-26 21:54:14'),(1399,NULL,1,NULL,'Creado por el movimiento Origen','2013-07-26 21:54:14','2013-07-26 21:54:14'),(1400,NULL,1,NULL,'Creado por el movimiento Origen','2013-07-26 21:54:14','2013-07-26 21:54:14'),(1401,NULL,1,NULL,'Creado por el movimiento Origen','2013-07-26 21:54:14','2013-07-26 21:54:14'),(1402,NULL,1,NULL,'Creado por el movimiento Origen','2013-07-26 21:54:14','2013-07-26 21:54:14'),(1403,NULL,1,NULL,'Creado por el movimiento Origen','2013-07-26 21:54:14','2013-07-26 21:54:14'),(1404,NULL,1,NULL,'Creado por el movimiento Origen','2013-07-26 21:54:14','2013-07-26 21:54:14'),(1405,NULL,1,NULL,'Creado por el movimiento Origen','2013-07-26 21:54:15','2013-07-26 21:54:15'),(1406,NULL,1,NULL,'Creado por el movimiento Origen','2013-07-26 21:54:15','2013-07-26 21:54:15'),(1407,NULL,1,NULL,'Creado por el movimiento Origen','2013-07-26 21:54:15','2013-07-26 21:54:15'),(1408,NULL,1,NULL,'Creado por el movimiento Origen','2013-07-26 21:54:15','2013-07-26 21:54:15'),(1409,NULL,1,NULL,'Creado por el movimiento Origen','2013-07-26 21:54:15','2013-07-26 21:54:15'),(1410,NULL,1,NULL,'Creado por el movimiento Origen','2013-07-26 21:54:15','2013-07-26 21:54:15'),(1411,NULL,1,NULL,'Creado por el movimiento Origen','2013-07-26 21:54:15','2013-07-26 21:54:15'),(1412,NULL,1,NULL,'Creado por el movimiento Origen','2013-07-26 21:54:15','2013-07-26 21:54:15'),(1413,NULL,1,NULL,'Creado por el movimiento Origen','2013-07-26 21:54:15','2013-07-26 21:54:15'),(1414,NULL,1,NULL,'Creado por el movimiento Origen','2013-07-26 21:54:15','2013-07-26 21:54:15'),(1415,NULL,1,NULL,'Creado por el movimiento Origen','2013-07-26 21:54:15','2013-07-26 21:54:15'),(1416,NULL,1,NULL,'Creado por el movimiento Origen','2013-07-26 21:54:15','2013-07-26 21:54:15'),(1417,NULL,1,NULL,'Creado por el movimiento Origen','2013-07-26 21:54:15','2013-07-26 21:54:15'),(1418,NULL,1,NULL,'Creado por el movimiento Origen','2013-07-26 21:54:15','2013-07-26 21:54:15'),(1419,NULL,1,NULL,'Creado por el movimiento Origen','2013-07-26 21:54:15','2013-07-26 21:54:15'),(1420,NULL,1,NULL,'Creado por el movimiento Origen','2013-07-26 21:54:15','2013-07-26 21:54:15'),(1421,NULL,1,NULL,'Creado por el movimiento Origen','2013-07-26 21:54:15','2013-07-26 21:54:15'),(1422,NULL,1,NULL,'Creado por el movimiento Origen','2013-07-26 21:54:15','2013-07-26 21:54:15'),(1423,NULL,1,NULL,'Creado por el movimiento Origen','2013-07-26 21:54:15','2013-07-26 21:54:15'),(1424,NULL,1,NULL,'Creado por el movimiento Origen','2013-07-26 21:54:15','2013-07-26 21:54:15'),(1425,NULL,1,NULL,'Creado por el movimiento Origen','2013-07-26 21:54:15','2013-07-26 21:54:15'),(1426,NULL,1,NULL,'Creado por el movimiento Origen','2013-07-26 21:54:15','2013-07-26 21:54:15'),(1427,NULL,1,NULL,'Creado por el movimiento Origen','2013-07-26 21:54:15','2013-07-26 21:54:15'),(1428,NULL,1,NULL,'Creado por el movimiento Origen','2013-07-26 21:54:15','2013-07-26 21:54:15'),(1429,NULL,1,NULL,'Creado por el movimiento Origen','2013-07-26 21:54:15','2013-07-26 21:54:15'),(1430,NULL,1,NULL,'Creado por el movimiento Origen','2013-07-26 21:54:15','2013-07-26 21:54:15'),(1431,NULL,1,NULL,'Creado por el movimiento Origen','2013-07-26 21:54:15','2013-07-26 21:54:15'),(1432,NULL,1,NULL,'Creado por el movimiento Origen','2013-07-26 21:54:15','2013-07-26 21:54:15'),(1433,NULL,1,NULL,'Creado por el movimiento Origen','2013-07-26 21:54:15','2013-07-26 21:54:15'),(1434,NULL,0,NULL,'Creado por el movimiento Origen','2013-07-26 21:54:16','2013-07-31 22:46:51'),(1435,NULL,0,NULL,'Creado por el movimiento Origen','2013-07-26 21:54:16','2013-07-31 22:46:51'),(1436,NULL,0,NULL,'Creado por el movimiento Origen','2013-07-26 21:54:16','2013-07-31 22:46:51'),(1437,NULL,0,NULL,'Creado por el movimiento Origen','2013-07-26 21:54:16','2013-07-31 22:46:51'),(1438,NULL,0,NULL,'Creado por el movimiento Origen','2013-07-26 21:54:16','2013-07-31 22:46:51'),(1439,NULL,0,NULL,'Creado por el movimiento Origen','2013-07-26 21:54:16','2013-07-31 22:46:51'),(1440,NULL,1,NULL,'Creado por el movimiento Origen','2013-07-26 21:54:16','2013-07-26 21:54:16'),(1441,NULL,1,NULL,'Creado por el movimiento Origen','2013-07-26 21:54:16','2013-07-26 21:54:16'),(1442,NULL,1,NULL,'Creado por el movimiento Origen','2013-07-26 21:54:16','2013-07-26 21:54:16'),(1443,NULL,1,NULL,'Creado por el movimiento Origen','2013-07-26 21:54:16','2013-07-26 21:54:16'),(1444,NULL,1,NULL,'Creado por el movimiento Origen','2013-07-26 21:54:16','2013-07-26 21:54:16'),(1445,NULL,1,NULL,'Creado por el movimiento Origen','2013-07-26 21:54:16','2013-07-26 21:54:16'),(1446,NULL,1,NULL,'Creado por el movimiento Origen','2013-07-26 21:54:16','2013-07-26 21:54:16'),(1447,NULL,1,NULL,'Creado por el movimiento Origen','2013-07-26 21:54:16','2013-07-26 21:54:16'),(1448,NULL,1,NULL,'Creado por el movimiento Origen','2013-07-26 21:54:16','2013-07-26 21:54:16'),(1449,NULL,1,NULL,'Creado por el movimiento Origen','2013-07-26 21:54:16','2013-07-26 21:54:16'),(1450,NULL,1,NULL,'Creado por el movimiento Origen','2013-07-26 21:54:16','2013-07-26 21:54:16'),(1451,NULL,1,NULL,'Creado por el movimiento Origen','2013-07-26 21:54:16','2013-07-26 21:54:16'),(1452,NULL,1,NULL,'Creado por el movimiento 168','2013-07-26 21:54:42','2013-07-26 21:54:42'),(1453,NULL,1,NULL,'Creado por el movimiento 168','2013-07-26 21:54:42','2013-07-26 21:54:42'),(1454,NULL,1,NULL,'Creado por el movimiento 168','2013-07-26 21:54:43','2013-07-26 21:54:43'),(1455,NULL,1,NULL,'Creado por el movimiento 168','2013-07-26 21:54:43','2013-07-26 21:54:43'),(1456,NULL,1,NULL,'Creado por el movimiento 168','2013-07-26 21:54:43','2013-07-26 21:54:43'),(1457,NULL,1,NULL,'Creado por el movimiento 168','2013-07-26 21:54:43','2013-07-26 21:54:43'),(1458,NULL,1,NULL,'Creado por el movimiento 168','2013-07-26 21:54:43','2013-07-26 21:54:43'),(1459,NULL,1,NULL,'Creado por el movimiento 168','2013-07-26 21:54:43','2013-07-26 21:54:43'),(1460,NULL,1,NULL,'Creado por el movimiento 168','2013-07-26 21:54:43','2013-07-26 21:54:43'),(1461,NULL,1,NULL,'Creado por el movimiento 168','2013-07-26 21:54:43','2013-07-26 21:54:43'),(1462,NULL,1,NULL,'Creado por el movimiento 168','2013-07-26 21:54:43','2013-07-26 21:54:43'),(1463,NULL,1,NULL,'Creado por el movimiento 168','2013-07-26 21:54:43','2013-07-26 21:54:43'),(1464,NULL,1,NULL,'Creado por el movimiento 168','2013-07-26 21:54:43','2013-07-26 21:54:43'),(1465,NULL,1,NULL,'Creado por el movimiento 168','2013-07-26 21:54:43','2013-07-26 21:54:43'),(1466,NULL,1,NULL,'Creado por el movimiento 168','2013-07-26 21:54:43','2013-07-26 21:54:43'),(1467,NULL,1,NULL,'Creado por el movimiento 168','2013-07-26 21:54:43','2013-07-26 21:54:43'),(1468,NULL,1,NULL,'Creado por el movimiento 168','2013-07-26 21:54:43','2013-07-26 21:54:43'),(1469,NULL,1,NULL,'Creado por el movimiento 168','2013-07-26 21:54:43','2013-07-26 21:54:43'),(1470,NULL,1,NULL,'Creado por el movimiento 168','2013-07-26 21:54:43','2013-07-26 21:54:43'),(1471,NULL,1,NULL,'Creado por el movimiento 168','2013-07-26 21:54:43','2013-07-26 21:54:43'),(1472,NULL,1,NULL,'Creado por el movimiento 168','2013-07-26 21:54:43','2013-07-26 21:54:43'),(1473,NULL,1,NULL,'Creado por el movimiento 168','2013-07-26 21:54:43','2013-07-26 21:54:43'),(1474,NULL,1,NULL,'Creado por el movimiento 168','2013-07-26 21:54:43','2013-07-26 21:54:43'),(1475,NULL,1,NULL,'Creado por el movimiento 168','2013-07-26 21:54:43','2013-07-26 21:54:43'),(1476,NULL,1,NULL,'Creado por el movimiento 168','2013-07-26 21:54:43','2013-07-26 21:54:43'),(1477,NULL,1,NULL,'Creado por el movimiento 168','2013-07-26 21:54:43','2013-07-26 21:54:43'),(1478,NULL,1,NULL,'Creado por el movimiento 168','2013-07-26 21:54:43','2013-07-26 21:54:43'),(1479,NULL,1,NULL,'Creado por el movimiento 168','2013-07-26 21:54:43','2013-07-26 21:54:43'),(1480,NULL,1,NULL,'Creado por el movimiento 168','2013-07-26 21:54:43','2013-07-26 21:54:43'),(1481,NULL,1,NULL,'Creado por el movimiento 168','2013-07-26 21:54:43','2013-07-26 21:54:43'),(1482,NULL,1,NULL,'Creado por el movimiento 168','2013-07-26 21:54:43','2013-07-26 21:54:43'),(1483,NULL,1,NULL,'Creado por el movimiento 168','2013-07-26 21:54:44','2013-07-26 21:54:44'),(1484,NULL,1,NULL,'Creado por el movimiento 168','2013-07-26 21:54:44','2013-07-26 21:54:44'),(1485,NULL,1,NULL,'Creado por el movimiento 168','2013-07-26 21:54:44','2013-07-26 21:54:44'),(1486,NULL,1,NULL,'Creado por el movimiento 168','2013-07-26 21:54:44','2013-07-26 21:54:44'),(1487,NULL,1,NULL,'Creado por el movimiento 168','2013-07-26 21:54:44','2013-07-26 21:54:44'),(1488,NULL,1,NULL,'Creado por el movimiento 168','2013-07-26 21:54:44','2013-07-26 21:54:44'),(1489,NULL,1,NULL,'Creado por el movimiento 168','2013-07-26 21:54:44','2013-07-26 21:54:44'),(1490,NULL,1,NULL,'Creado por el movimiento 168','2013-07-26 21:54:44','2013-07-26 21:54:44'),(1491,NULL,1,NULL,'Creado por el movimiento 168','2013-07-26 21:54:44','2013-07-26 21:54:44'),(1492,NULL,1,NULL,'Creado por el movimiento 168','2013-07-26 21:54:44','2013-07-26 21:54:44'),(1493,NULL,1,NULL,'Creado por el movimiento 168','2013-07-26 21:54:44','2013-07-26 21:54:44'),(1494,NULL,1,NULL,'Creado por el movimiento 168','2013-07-26 21:54:44','2013-07-26 21:54:44'),(1495,NULL,1,NULL,'Creado por el movimiento 168','2013-07-26 21:54:44','2013-07-26 21:54:44'),(1496,NULL,1,NULL,'Creado por el movimiento 168','2013-07-26 21:54:44','2013-07-26 21:54:44'),(1497,NULL,1,NULL,'Creado por el movimiento 168','2013-07-26 21:54:44','2013-07-26 21:54:44'),(1498,NULL,1,NULL,'Creado por el movimiento 168','2013-07-26 21:54:44','2013-07-26 21:54:44'),(1499,NULL,1,NULL,'Creado por el movimiento 168','2013-07-26 21:54:44','2013-07-26 21:54:44'),(1500,NULL,1,NULL,'Creado por el movimiento 168','2013-07-26 21:54:44','2013-07-26 21:54:44'),(1501,NULL,1,NULL,'Creado por el movimiento 168','2013-07-26 21:54:44','2013-07-26 21:54:44'),(1502,NULL,1,NULL,'Creado por el movimiento 168','2013-07-26 21:54:44','2013-07-26 21:54:44'),(1503,NULL,1,NULL,'Creado por el movimiento 168','2013-07-26 21:54:44','2013-07-26 21:54:44'),(1504,NULL,1,NULL,'Creado por el movimiento 168','2013-07-26 21:54:44','2013-07-26 21:54:44'),(1505,NULL,1,NULL,'Creado por el movimiento 168','2013-07-26 21:54:44','2013-07-26 21:54:44'),(1506,NULL,0,NULL,'Creado por el movimiento 168','2013-07-26 21:54:44','2013-07-31 22:46:51'),(1507,NULL,0,NULL,'Creado por el movimiento 168','2013-07-26 21:54:45','2013-07-31 22:46:51'),(1508,NULL,0,NULL,'Creado por el movimiento 168','2013-07-26 21:54:45','2013-07-31 22:46:51'),(1509,NULL,0,NULL,'Creado por el movimiento 168','2013-07-26 21:54:45','2013-07-31 22:46:51'),(1510,NULL,0,NULL,'Creado por el movimiento 168','2013-07-26 21:54:45','2013-07-31 22:46:51'),(1511,NULL,0,NULL,'Creado por el movimiento 168','2013-07-26 21:54:45','2013-07-31 22:38:31'),(1512,NULL,0,NULL,'Creado por el movimiento 168','2013-07-26 21:54:45','2013-07-31 22:38:31'),(1513,NULL,0,NULL,'Creado por el movimiento 168','2013-07-26 21:54:45','2013-07-31 22:38:31'),(1514,NULL,0,NULL,'Creado por el movimiento 168','2013-07-26 21:54:45','2013-07-31 22:38:32'),(1515,NULL,0,NULL,'Creado por el movimiento 168','2013-07-26 21:54:45','2013-07-31 22:38:32'),(1516,NULL,0,NULL,'Creado por el movimiento 168','2013-07-26 21:54:45','2013-07-31 22:38:32'),(1517,NULL,0,NULL,'Creado por el movimiento 168','2013-07-26 21:54:45','2013-07-31 22:38:32'),(1518,NULL,0,NULL,'Creado por el movimiento 168','2013-07-26 21:54:45','2013-07-31 22:38:32'),(1519,NULL,0,NULL,'Creado por el movimiento 168','2013-07-26 21:54:45','2013-07-31 22:38:32'),(1520,NULL,0,NULL,'Creado por el movimiento 168','2013-07-26 21:54:46','2013-07-31 22:38:32'),(1521,NULL,0,NULL,'Creado por el movimiento 168','2013-07-26 21:54:46','2013-07-31 22:38:32'),(1522,NULL,0,NULL,'Creado por el movimiento 168','2013-07-26 21:54:46','2013-07-31 22:39:38'),(1523,NULL,1,NULL,'Creado por el movimiento 168','2013-07-26 21:54:46','2013-07-26 21:54:46'),(1524,NULL,1,NULL,'Creado por el movimiento 168','2013-07-26 21:54:46','2013-07-26 21:54:46'),(1525,NULL,1,NULL,'Creado por el movimiento 168','2013-07-26 21:54:46','2013-07-26 21:54:46'),(1526,NULL,1,NULL,'Creado por el movimiento 168','2013-07-26 21:54:46','2013-07-26 21:54:46'),(1527,NULL,1,NULL,'Creado por el movimiento 168','2013-07-26 21:54:46','2013-07-26 21:54:46'),(1528,NULL,1,NULL,'Creado por el movimiento 168','2013-07-26 21:54:46','2013-07-26 21:54:46'),(1529,NULL,1,NULL,'Creado por el movimiento 168','2013-07-26 21:54:46','2013-07-26 21:54:46'),(1530,NULL,1,NULL,'Creado por el movimiento 168','2013-07-26 21:54:46','2013-07-26 21:54:46'),(1531,NULL,1,NULL,'Creado por el movimiento 168','2013-07-26 21:54:46','2013-07-26 21:54:46'),(1532,NULL,1,NULL,'Creado por el movimiento 168','2013-07-26 21:54:46','2013-07-26 21:54:46'),(1533,NULL,1,NULL,'Creado por el movimiento 168','2013-07-26 21:54:46','2013-07-26 21:54:46'),(1534,NULL,1,NULL,'Creado por el movimiento 168','2013-07-26 21:54:46','2013-07-26 21:54:46'),(1535,NULL,1,NULL,'Creado por el movimiento 169','2013-07-26 21:55:30','2013-07-26 21:55:30'),(1536,NULL,1,NULL,'Creado por el movimiento 169','2013-07-26 21:55:30','2013-07-26 21:55:30'),(1537,NULL,1,NULL,'Creado por el movimiento 169','2013-07-26 21:55:30','2013-07-26 21:55:30'),(1538,NULL,1,NULL,'Creado por el movimiento 169','2013-07-26 21:55:30','2013-07-26 21:55:30'),(1539,NULL,1,NULL,'Creado por el movimiento 169','2013-07-26 21:55:30','2013-07-26 21:55:30'),(1540,NULL,1,NULL,'Creado por el movimiento 169','2013-07-26 21:55:30','2013-07-26 21:55:30'),(1541,NULL,1,NULL,'Creado por el movimiento 169','2013-07-26 21:55:30','2013-07-26 21:55:30'),(1542,NULL,1,NULL,'Creado por el movimiento 169','2013-07-26 21:55:30','2013-07-26 21:55:30'),(1543,NULL,1,NULL,'Creado por el movimiento 169','2013-07-26 21:55:30','2013-07-26 21:55:30'),(1544,NULL,1,NULL,'Creado por el movimiento 169','2013-07-26 21:55:30','2013-07-26 21:55:30'),(1545,NULL,1,NULL,'Creado por el movimiento 169','2013-07-26 21:55:30','2013-07-26 21:55:30'),(1546,NULL,1,NULL,'Creado por el movimiento 169','2013-07-26 21:55:30','2013-07-26 21:55:30'),(1547,NULL,1,NULL,'Creado por el movimiento 169','2013-07-26 21:55:30','2013-07-26 21:55:30'),(1548,NULL,1,NULL,'Creado por el movimiento 169','2013-07-26 21:55:30','2013-07-26 21:55:30'),(1549,NULL,1,NULL,'Creado por el movimiento 169','2013-07-26 21:55:30','2013-07-26 21:55:30'),(1550,NULL,1,NULL,'Creado por el movimiento 169','2013-07-26 21:55:30','2013-07-26 21:55:30'),(1551,NULL,1,NULL,'Creado por el movimiento 169','2013-07-26 21:55:30','2013-07-26 21:55:30'),(1552,NULL,1,NULL,'Creado por el movimiento 169','2013-07-26 21:55:30','2013-07-26 21:55:30'),(1553,NULL,1,NULL,'Creado por el movimiento 169','2013-07-26 21:55:30','2013-07-26 21:55:30'),(1554,NULL,1,NULL,'Creado por el movimiento 169','2013-07-26 21:55:30','2013-07-26 21:55:30'),(1555,NULL,1,NULL,'Creado por el movimiento 169','2013-07-26 21:55:30','2013-07-26 21:55:30'),(1556,NULL,1,NULL,'Creado por el movimiento 169','2013-07-26 21:55:30','2013-07-26 21:55:30'),(1557,NULL,1,NULL,'Creado por el movimiento 169','2013-07-26 21:55:30','2013-07-26 21:55:30'),(1558,NULL,1,NULL,'Creado por el movimiento 169','2013-07-26 21:55:30','2013-07-26 21:55:30'),(1559,NULL,1,NULL,'Creado por el movimiento 169','2013-07-26 21:55:30','2013-07-26 21:55:30'),(1560,NULL,1,NULL,'Creado por el movimiento 169','2013-07-26 21:55:30','2013-07-26 21:55:30'),(1561,NULL,1,NULL,'Creado por el movimiento 169','2013-07-26 21:55:31','2013-07-26 21:55:31'),(1562,NULL,1,NULL,'Creado por el movimiento 170','2013-07-26 21:55:55','2013-07-26 21:55:55'),(1563,NULL,1,NULL,'Creado por el movimiento 170','2013-07-26 21:55:55','2013-07-26 21:55:55'),(1564,NULL,1,NULL,'Creado por el movimiento 170','2013-07-26 21:55:55','2013-07-26 21:55:55'),(1565,NULL,1,NULL,'Creado por el movimiento 170','2013-07-26 21:55:55','2013-07-26 21:55:55'),(1566,NULL,1,NULL,'Creado por el movimiento 170','2013-07-26 21:55:55','2013-07-26 21:55:55'),(1567,NULL,1,NULL,'Creado por el movimiento 170','2013-07-26 21:55:55','2013-07-26 21:55:55'),(1568,NULL,1,NULL,'Creado por el movimiento 170','2013-07-26 21:55:55','2013-07-26 21:55:55'),(1569,NULL,1,NULL,'Creado por el movimiento 170','2013-07-26 21:55:55','2013-07-26 21:55:55'),(1570,NULL,1,NULL,'Creado por el movimiento 170','2013-07-26 21:55:55','2013-07-26 21:55:55'),(1571,NULL,1,NULL,'Creado por el movimiento 170','2013-07-26 21:55:56','2013-07-26 21:55:56'),(1572,NULL,1,NULL,'Creado por el movimiento 170','2013-07-26 21:55:56','2013-07-26 21:55:56'),(1573,NULL,1,NULL,'Creado por el movimiento 170','2013-07-26 21:55:56','2013-07-26 21:55:56'),(1574,NULL,1,NULL,'Creado por el movimiento 170','2013-07-26 21:55:56','2013-07-26 21:55:56'),(1575,NULL,1,NULL,'Creado por el movimiento 170','2013-07-26 21:55:56','2013-07-26 21:55:56'),(1576,NULL,1,NULL,'Creado por el movimiento 170','2013-07-26 21:55:56','2013-07-26 21:55:56'),(1577,NULL,1,NULL,'Creado por el movimiento 170','2013-07-26 21:55:56','2013-07-26 21:55:56'),(1578,NULL,1,NULL,'Creado por el movimiento 170','2013-07-26 21:55:56','2013-07-26 21:55:56'),(1579,NULL,1,NULL,'Creado por el movimiento 170','2013-07-26 21:55:56','2013-07-26 21:55:56'),(1580,NULL,1,NULL,'Creado por el movimiento 170','2013-07-26 21:55:56','2013-07-26 21:55:56'),(1581,NULL,1,NULL,'Creado por el movimiento 170','2013-07-26 21:55:56','2013-07-26 21:55:56'),(1582,NULL,1,NULL,'Creado por el movimiento 170','2013-07-26 21:55:56','2013-07-26 21:55:56'),(1583,NULL,1,NULL,'Creado por el movimiento 170','2013-07-26 21:55:56','2013-07-26 21:55:56'),(1584,NULL,1,NULL,'Creado por el movimiento 170','2013-07-26 21:55:56','2013-07-26 21:55:56'),(1585,NULL,1,NULL,'Creado por el movimiento 170','2013-07-26 21:55:56','2013-07-26 21:55:56'),(1586,NULL,1,NULL,'Creado por el movimiento 170','2013-07-26 21:55:56','2013-07-26 21:55:56'),(1587,NULL,1,NULL,'Creado por el movimiento 170','2013-07-26 21:55:56','2013-07-26 21:55:56'),(1588,NULL,1,NULL,'Creado por el movimiento 170','2013-07-26 21:55:56','2013-07-26 21:55:56'),(1589,NULL,1,NULL,'Creado por el movimiento 170','2013-07-26 21:55:56','2013-07-26 21:55:56'),(1590,NULL,1,NULL,'Creado por el movimiento 170','2013-07-26 21:55:56','2013-07-26 21:55:56'),(1591,NULL,1,NULL,'Creado por el movimiento 170','2013-07-26 21:55:56','2013-07-26 21:55:56'),(1592,NULL,1,NULL,'Creado por el movimiento 170','2013-07-26 21:55:56','2013-07-26 21:55:56'),(1593,NULL,1,NULL,'Creado por el movimiento 187','2013-08-01 00:25:37','2013-08-01 00:25:37'),(1594,NULL,1,NULL,'Creado por el movimiento 187','2013-08-01 00:25:37','2013-08-01 00:25:37'),(1595,NULL,1,NULL,'Creado por el movimiento 187','2013-08-01 00:25:37','2013-08-01 00:25:37'),(1596,NULL,1,NULL,'Creado por el movimiento 187','2013-08-01 00:25:37','2013-08-01 00:25:37'),(1597,NULL,1,NULL,'Creado por el movimiento 187','2013-08-01 00:25:38','2013-08-01 00:25:38'),(1598,NULL,1,NULL,'Creado por el movimiento 187','2013-08-01 00:25:38','2013-08-01 00:25:38'),(1599,NULL,1,NULL,'Creado por el movimiento 187','2013-08-01 00:25:38','2013-08-01 00:25:38'),(1600,NULL,1,NULL,'Creado por el movimiento 187','2013-08-01 00:25:38','2013-08-01 00:25:38'),(1601,NULL,1,NULL,'Creado por el movimiento 187','2013-08-01 00:25:38','2013-08-01 00:25:38'),(1602,NULL,1,NULL,'Creado por el movimiento 187','2013-08-01 00:25:38','2013-08-01 00:25:38'),(1603,NULL,1,NULL,'Creado por el movimiento 187','2013-08-01 00:25:38','2013-08-01 00:25:38'),(1604,NULL,1,NULL,'Creado por el movimiento 187','2013-08-01 00:25:38','2013-08-01 00:25:38'),(1605,NULL,1,NULL,'Creado por el movimiento 187','2013-08-01 00:25:38','2013-08-01 00:25:38'),(1606,NULL,1,NULL,'Creado por el movimiento 187','2013-08-01 00:25:38','2013-08-01 00:25:38'),(1607,NULL,1,NULL,'Creado por el movimiento 187','2013-08-01 00:25:38','2013-08-01 00:25:38'),(1608,NULL,1,NULL,'Creado por el movimiento 187','2013-08-01 00:25:39','2013-08-01 00:25:39'),(1609,NULL,1,NULL,'Creado por el movimiento 187','2013-08-01 00:25:39','2013-08-01 00:25:39'),(1610,NULL,1,NULL,'Creado por el movimiento 187','2013-08-01 00:25:39','2013-08-01 00:25:39'),(1611,NULL,1,NULL,'Creado por el movimiento 187','2013-08-01 00:25:39','2013-08-01 00:25:39'),(1612,NULL,1,NULL,'Creado por el movimiento 187','2013-08-01 00:25:39','2013-08-01 00:25:39'),(1613,NULL,1,NULL,'Creado por el movimiento 187','2013-08-01 00:25:39','2013-08-01 00:25:39'),(1614,NULL,1,NULL,'Creado por el movimiento 187','2013-08-01 00:25:39','2013-08-01 00:25:39'),(1615,NULL,1,NULL,'Creado por el movimiento 187','2013-08-01 00:25:39','2013-08-01 00:25:39'),(1616,NULL,1,NULL,'Creado por el movimiento 187','2013-08-01 00:25:39','2013-08-01 00:25:39'),(1617,NULL,1,NULL,'Creado por el movimiento 187','2013-08-01 00:25:39','2013-08-01 00:25:39'),(1618,NULL,1,NULL,'Creado por el movimiento 187','2013-08-01 00:25:39','2013-08-01 00:25:39'),(1619,NULL,1,NULL,'Creado por el movimiento 187','2013-08-01 00:25:40','2013-08-01 00:25:40'),(1620,NULL,1,NULL,'Creado por el movimiento 187','2013-08-01 00:25:40','2013-08-01 00:25:40'),(1621,NULL,1,NULL,'Creado por el movimiento 187','2013-08-01 00:25:40','2013-08-01 00:25:40'),(1622,NULL,1,NULL,'Creado por el movimiento 187','2013-08-01 00:25:40','2013-08-01 00:25:40'),(1623,NULL,1,NULL,'Creado por el movimiento 187','2013-08-01 00:25:40','2013-08-01 00:25:40'),(1624,NULL,1,NULL,'Creado por el movimiento 187','2013-08-01 00:25:40','2013-08-01 00:25:40'),(1625,NULL,1,NULL,'Creado por el movimiento 187','2013-08-01 00:25:40','2013-08-01 00:25:40'),(1626,NULL,1,NULL,'Creado por el movimiento 187','2013-08-01 00:25:40','2013-08-01 00:25:40'),(1627,NULL,1,NULL,'Creado por el movimiento 187','2013-08-01 00:25:40','2013-08-01 00:25:40'),(1628,NULL,1,NULL,'Creado por el movimiento 187','2013-08-01 00:25:40','2013-08-01 00:25:40'),(1629,NULL,1,NULL,'Creado por el movimiento 187','2013-08-01 00:25:40','2013-08-01 00:25:40'),(1630,NULL,1,NULL,'Creado por el movimiento 187','2013-08-01 00:25:40','2013-08-01 00:25:40'),(1631,NULL,1,NULL,'Creado por el movimiento 187','2013-08-01 00:25:41','2013-08-01 00:25:41'),(1632,NULL,1,NULL,'Creado por el movimiento 187','2013-08-01 00:25:41','2013-08-01 00:25:41'),(1633,NULL,1,NULL,'Creado por el movimiento 187','2013-08-01 00:25:41','2013-08-01 00:25:41'),(1634,NULL,1,NULL,'Creado por el movimiento 187','2013-08-01 00:25:41','2013-08-01 00:25:41'),(1635,NULL,1,NULL,'Creado por el movimiento 187','2013-08-01 00:25:41','2013-08-01 00:25:41'),(1636,NULL,1,NULL,'Creado por el movimiento 187','2013-08-01 00:25:41','2013-08-01 00:25:41'),(1637,NULL,1,NULL,'Creado por el movimiento 187','2013-08-01 00:25:41','2013-08-01 00:25:41'),(1638,NULL,1,NULL,'Creado por el movimiento 187','2013-08-01 00:25:41','2013-08-01 00:25:41'),(1639,NULL,1,NULL,'Creado por el movimiento 187','2013-08-01 00:25:41','2013-08-01 00:25:41'),(1640,NULL,1,NULL,'Creado por el movimiento 187','2013-08-01 00:25:41','2013-08-01 00:25:41'),(1641,NULL,1,NULL,'Creado por el movimiento 187','2013-08-01 00:25:41','2013-08-01 00:25:41'),(1642,NULL,1,NULL,'Creado por el movimiento 187','2013-08-01 00:25:41','2013-08-01 00:25:41'),(1643,NULL,1,NULL,'Creado por el movimiento 187','2013-08-01 00:25:41','2013-08-01 00:25:41'),(1644,NULL,1,NULL,'Creado por el movimiento 187','2013-08-01 00:25:41','2013-08-01 00:25:41'),(1645,NULL,1,NULL,'Creado por el movimiento 187','2013-08-01 00:25:42','2013-08-01 00:25:42'),(1646,NULL,1,NULL,'Creado por el movimiento 187','2013-08-01 00:25:42','2013-08-01 00:25:42'),(1647,NULL,1,NULL,'Creado por el movimiento 187','2013-08-01 00:25:42','2013-08-01 00:25:42'),(1648,NULL,1,NULL,'Creado por el movimiento 187','2013-08-01 00:25:42','2013-08-01 00:25:42'),(1649,NULL,1,NULL,'Creado por el movimiento 187','2013-08-01 00:25:42','2013-08-01 00:25:42'),(1650,NULL,1,NULL,'Creado por el movimiento 187','2013-08-01 00:25:42','2013-08-01 00:25:42'),(1651,NULL,1,NULL,'Creado por el movimiento 187','2013-08-01 00:25:42','2013-08-01 00:25:42'),(1652,NULL,1,NULL,'Creado por el movimiento 187','2013-08-01 00:25:42','2013-08-01 00:25:42'),(1653,NULL,1,NULL,'Creado por el movimiento 187','2013-08-01 00:25:42','2013-08-01 00:25:42'),(1654,NULL,1,NULL,'Creado por el movimiento 187','2013-08-01 00:25:42','2013-08-01 00:25:42'),(1655,NULL,1,NULL,'Creado por el movimiento 187','2013-08-01 00:25:42','2013-08-01 00:25:42'),(1656,NULL,1,NULL,'Creado por el movimiento 187','2013-08-01 00:25:42','2013-08-01 00:25:42'),(1657,NULL,1,NULL,'Creado por el movimiento 187','2013-08-01 00:25:43','2013-08-01 00:25:43'),(1658,NULL,1,NULL,'Creado por el movimiento 187','2013-08-01 00:25:43','2013-08-01 00:25:43'),(1659,NULL,1,NULL,'Creado por el movimiento 187','2013-08-01 00:25:43','2013-08-01 00:25:43'),(1660,NULL,1,NULL,'Creado por el movimiento 187','2013-08-01 00:25:43','2013-08-01 00:25:43'),(1661,NULL,1,NULL,'Creado por el movimiento 187','2013-08-01 00:25:43','2013-08-01 00:25:43'),(1662,NULL,1,NULL,'Creado por el movimiento 187','2013-08-01 00:25:43','2013-08-01 00:25:43'),(1663,NULL,1,NULL,'Creado por el movimiento 187','2013-08-01 00:25:43','2013-08-01 00:25:43'),(1664,NULL,1,NULL,'Creado por el movimiento 187','2013-08-01 00:25:43','2013-08-01 00:25:43'),(1665,NULL,1,NULL,'Creado por el movimiento 188','2013-08-01 00:27:22','2013-08-01 00:27:22'),(1666,NULL,1,NULL,'Creado por el movimiento 188','2013-08-01 00:27:22','2013-08-01 00:27:22'),(1667,NULL,1,NULL,'Creado por el movimiento 188','2013-08-01 00:27:22','2013-08-01 00:27:22'),(1675,NULL,1,NULL,'Creado por el movimiento 189','2013-08-01 03:56:29','2013-08-01 03:56:29'),(1676,NULL,1,NULL,'Creado por el movimiento 189','2013-08-01 03:56:29','2013-08-01 03:56:29'),(1677,NULL,1,NULL,'Creado por el movimiento 189','2013-08-01 03:56:29','2013-08-01 03:56:29'),(1678,NULL,1,NULL,'Creado por el movimiento 189','2013-08-01 03:56:29','2013-08-01 03:56:29'),(1704,NULL,1,NULL,'Creado por el movimiento 206','2013-08-03 22:48:33','2013-08-03 22:48:33'),(1705,NULL,1,NULL,'Creado por el movimiento 206','2013-08-03 22:48:33','2013-08-03 22:48:33'),(1706,NULL,1,NULL,'Creado por el movimiento 206','2013-08-03 22:48:33','2013-08-03 22:48:33'),(1707,NULL,1,NULL,'Creado por el movimiento 206','2013-08-03 22:48:33','2013-08-03 22:48:33'),(1708,NULL,1,NULL,'Creado por el movimiento 206','2013-08-03 22:48:34','2013-08-03 22:48:34'),(1709,NULL,1,NULL,'Creado por el movimiento 206','2013-08-03 22:48:34','2013-08-03 22:48:34'),(1710,NULL,1,NULL,'Creado por el movimiento 206','2013-08-03 22:48:34','2013-08-03 22:48:34'),(1711,NULL,1,NULL,'Creado por el movimiento 206','2013-08-03 22:48:34','2013-08-03 22:48:34'),(1712,NULL,1,NULL,'Creado por el movimiento 206','2013-08-03 22:48:34','2013-08-03 22:48:34'),(1713,NULL,1,NULL,'Creado por el movimiento 206','2013-08-03 22:48:34','2013-08-03 22:48:34'),(1714,NULL,1,NULL,'Creado por el movimiento 207','2013-08-03 22:50:05','2013-08-03 22:50:05'),(1715,NULL,1,NULL,'Creado por el movimiento 207','2013-08-03 22:50:05','2013-08-03 22:50:05'),(1716,NULL,1,NULL,'Creado por el movimiento 208','2013-08-03 22:51:07','2013-08-03 22:51:07'),(1717,NULL,1,NULL,'Creado por el movimiento 212','2013-08-03 22:58:02','2013-08-03 22:58:02'),(1718,NULL,1,NULL,'Creado por el movimiento 212','2013-08-03 22:58:02','2013-08-03 22:58:02'),(1719,NULL,1,NULL,'Creado por el movimiento 212','2013-08-03 22:58:02','2013-08-03 22:58:02'),(1720,NULL,1,NULL,'Creado por el movimiento 212','2013-08-03 22:58:02','2013-08-03 22:58:02'),(1721,NULL,1,NULL,'Creado por el movimiento 212','2013-08-03 22:58:02','2013-08-03 22:58:02'),(1722,NULL,1,NULL,'Creado por el movimiento 212','2013-08-03 22:58:03','2013-08-03 22:58:03'),(1723,NULL,1,NULL,'Creado por el movimiento 212','2013-08-03 22:58:03','2013-08-03 22:58:03'),(1724,NULL,1,NULL,'Creado por el movimiento 212','2013-08-03 22:58:03','2013-08-03 22:58:03'),(1725,NULL,1,NULL,'Creado por el movimiento 212','2013-08-03 22:58:03','2013-08-03 22:58:03'),(1726,NULL,1,NULL,'Creado por el movimiento 212','2013-08-03 22:58:03','2013-08-03 22:58:03'),(1727,NULL,1,NULL,'Creado por el movimiento 215','2013-08-03 22:59:13','2013-08-03 22:59:13'),(1728,NULL,1,NULL,'Creado por el movimiento 215','2013-08-03 22:59:13','2013-08-03 22:59:13'),(1729,NULL,1,NULL,'Creado por el movimiento 215','2013-08-03 22:59:13','2013-08-03 22:59:13'),(1730,NULL,1,NULL,'Creado por el movimiento 215','2013-08-03 22:59:13','2013-08-03 22:59:13'),(1731,NULL,1,NULL,'Creado por el movimiento 215','2013-08-03 22:59:13','2013-08-03 22:59:13'),(1732,NULL,1,NULL,'Creado por el movimiento 215','2013-08-03 22:59:13','2013-08-03 22:59:13'),(1733,NULL,1,NULL,'Creado por el movimiento 215','2013-08-03 22:59:13','2013-08-03 22:59:13'),(1734,NULL,1,NULL,'Creado por el movimiento 215','2013-08-03 22:59:13','2013-08-03 22:59:13'),(1735,NULL,0,NULL,'Creado por el movimiento 215','2013-08-03 22:59:13','2013-08-03 23:00:20'),(1736,NULL,1,NULL,'Creado por el movimiento 219','2013-08-06 16:59:57','2013-08-06 16:59:57'),(1737,NULL,1,NULL,'Creado por el movimiento 219','2013-08-06 16:59:57','2013-08-06 16:59:57'),(1738,NULL,1,NULL,'Creado por el movimiento 219','2013-08-06 16:59:57','2013-08-06 16:59:57'),(1739,NULL,1,NULL,'Creado por el movimiento 219','2013-08-06 16:59:58','2013-08-06 16:59:58'),(1740,NULL,1,NULL,'Creado por el movimiento 219','2013-08-06 16:59:58','2013-08-06 16:59:58'),(1741,NULL,1,NULL,'Creado por el movimiento 219','2013-08-06 16:59:58','2013-08-06 16:59:58'),(1742,NULL,1,NULL,'Creado por el movimiento 219','2013-08-06 16:59:58','2013-08-06 16:59:58'),(1743,NULL,1,NULL,'Creado por el movimiento 219','2013-08-06 16:59:58','2013-08-06 16:59:58'),(1744,NULL,1,NULL,'Creado por el movimiento 219','2013-08-06 16:59:58','2013-08-06 16:59:58'),(1745,NULL,1,NULL,'Creado por el movimiento 219','2013-08-06 16:59:58','2013-08-06 16:59:58'),(1746,NULL,1,NULL,'Creado por el movimiento 223','2013-08-17 00:39:16','2013-08-17 00:39:16'),(1747,NULL,1,NULL,'Creado por el movimiento 223','2013-08-17 00:39:16','2013-08-17 00:39:16'),(1748,NULL,1,NULL,'Creado por el movimiento 223','2013-08-17 00:39:16','2013-08-17 00:39:16'),(1749,NULL,1,NULL,'Creado por el movimiento 223','2013-08-17 00:39:16','2013-08-17 00:39:16'),(1750,NULL,1,NULL,'Creado por el movimiento 223','2013-08-17 00:39:16','2013-08-17 00:39:16'),(1751,NULL,1,NULL,'Creado por el movimiento 223','2013-08-17 00:39:16','2013-08-17 00:39:16'),(1752,NULL,1,NULL,'Creado por el movimiento 223','2013-08-17 00:39:16','2013-08-17 00:39:16'),(1753,NULL,1,NULL,'Creado por el movimiento 223','2013-08-17 00:39:17','2013-08-17 00:39:17'),(1754,NULL,1,NULL,'Creado por el movimiento 223','2013-08-17 00:39:17','2013-08-17 00:39:17'),(1755,NULL,1,NULL,'Creado por el movimiento 223','2013-08-17 00:39:17','2013-08-17 00:39:17'),(1756,NULL,1,NULL,'Creado por el movimiento 223','2013-08-17 00:39:17','2013-08-17 00:39:17'),(1757,NULL,1,NULL,'Creado por el movimiento 223','2013-08-17 00:39:17','2013-08-17 00:39:17'),(1758,NULL,1,NULL,'Creado por el movimiento 223','2013-08-17 00:39:17','2013-08-17 00:39:17'),(1759,NULL,1,NULL,'Creado por el movimiento 223','2013-08-17 00:39:17','2013-08-17 00:39:17'),(1760,NULL,1,NULL,'Creado por el movimiento 223','2013-08-17 00:39:18','2013-08-17 00:39:18'),(1761,NULL,1,NULL,'Creado por el movimiento 223','2013-08-17 00:39:18','2013-08-17 00:39:18'),(1762,NULL,1,NULL,'Creado por el movimiento 223','2013-08-17 00:39:18','2013-08-17 00:39:18'),(1763,NULL,1,NULL,'Creado por el movimiento 223','2013-08-17 00:39:18','2013-08-17 00:39:18'),(1764,NULL,1,NULL,'Creado por el movimiento 223','2013-08-17 00:39:18','2013-08-17 00:39:18'),(1765,NULL,1,NULL,'Creado por el movimiento 223','2013-08-17 00:39:18','2013-08-17 00:39:18'),(1766,NULL,1,NULL,'Creado por el movimiento 223','2013-08-17 00:39:18','2013-08-17 00:39:18'),(1767,NULL,1,NULL,'Creado por el movimiento 223','2013-08-17 00:39:18','2013-08-17 00:39:18'),(1768,NULL,0,NULL,'Creado por el movimiento 223','2013-08-17 00:39:18','2013-08-17 01:03:59'),(1769,NULL,0,NULL,'Creado por el movimiento 223','2013-08-17 00:39:18','2013-08-17 00:53:20'),(1770,NULL,0,NULL,'Creado por el movimiento 223','2013-08-17 00:39:18','2013-08-17 00:53:20'),(1776,NULL,1,NULL,'Creado por el movimiento 224','2013-08-17 00:44:36','2013-08-17 00:44:36'),(1777,NULL,1,NULL,'Creado por el movimiento 224','2013-08-17 00:44:36','2013-08-17 00:44:36'),(1778,NULL,1,NULL,'Creado por el movimiento 228','2013-08-17 00:45:00','2013-08-17 00:45:00'),(1780,NULL,0,NULL,'Creado por el movimiento 238','2013-08-17 00:53:58','2013-08-17 00:59:46'),(1781,NULL,0,NULL,'Creado por el movimiento 238','2013-08-17 00:53:58','2013-08-17 00:59:46'),(1782,NULL,0,NULL,'Creado por el movimiento 238','2013-08-17 00:53:58','2013-08-17 00:59:46'),(1783,NULL,0,NULL,'Creado por el movimiento 238','2013-08-17 00:53:58','2013-08-17 00:59:47'),(1784,NULL,0,NULL,'Creado por el movimiento 238','2013-08-17 00:53:58','2013-08-17 00:59:47'),(1785,NULL,0,NULL,'Creado por el movimiento 238','2013-08-17 00:53:58','2013-08-17 00:59:47'),(1786,NULL,0,NULL,'Creado por el movimiento 238','2013-08-17 00:53:59','2013-08-17 00:59:47'),(1787,NULL,0,NULL,'Creado por el movimiento 238','2013-08-17 00:53:59','2013-08-17 00:59:47'),(1788,NULL,0,NULL,'Creado por el movimiento 238','2013-08-17 00:53:59','2013-08-17 00:59:47'),(1789,NULL,0,NULL,'Creado por el movimiento 238','2013-08-17 00:53:59','2013-08-17 00:59:47'),(1790,NULL,0,NULL,'Creado por el movimiento 238','2013-08-17 00:53:59','2013-08-17 00:59:47'),(1791,NULL,0,NULL,'Creado por el movimiento 238','2013-08-17 00:53:59','2013-08-17 00:59:47'),(1792,NULL,0,NULL,'Creado por el movimiento 238','2013-08-17 00:53:59','2013-08-17 00:59:47'),(1793,NULL,0,NULL,'Creado por el movimiento 238','2013-08-17 00:53:59','2013-08-17 00:59:47'),(1794,NULL,0,NULL,'Creado por el movimiento 238','2013-08-17 00:53:59','2013-08-17 00:59:47'),(1795,NULL,0,NULL,'Creado por el movimiento 238','2013-08-17 00:54:00','2013-08-17 00:59:47'),(1796,NULL,0,NULL,'Creado por el movimiento 238','2013-08-17 00:54:00','2013-08-17 00:59:48'),(1797,NULL,0,NULL,'Creado por el movimiento 238','2013-08-17 00:54:00','2013-08-17 00:59:48'),(1798,NULL,0,NULL,'Creado por el movimiento 238','2013-08-17 00:54:00','2013-08-17 00:59:48'),(1799,NULL,0,NULL,'Creado por el movimiento 238','2013-08-17 00:54:00','2013-08-17 00:59:48'),(1800,NULL,0,NULL,'Creado por el movimiento 238','2013-08-17 00:54:00','2013-08-17 00:59:48'),(1801,NULL,0,NULL,'Creado por el movimiento 238','2013-08-17 00:54:00','2013-08-17 00:59:49'),(1824,NULL,0,NULL,'Creado por el movimiento 251','2013-08-17 01:04:59','2013-08-17 01:10:24'),(1825,NULL,0,NULL,'Creado por el movimiento 251','2013-08-17 01:04:59','2013-08-17 01:10:24'),(1826,NULL,0,NULL,'Creado por el movimiento 251','2013-08-17 01:04:59','2013-08-17 01:10:24'),(1827,NULL,0,NULL,'Creado por el movimiento 251','2013-08-17 01:04:59','2013-08-17 01:10:24'),(1828,NULL,0,NULL,'Creado por el movimiento 251','2013-08-17 01:04:59','2013-08-17 01:10:24'),(1829,NULL,0,NULL,'Creado por el movimiento 251','2013-08-17 01:04:59','2013-08-17 01:10:24'),(1830,NULL,0,NULL,'Creado por el movimiento 251','2013-08-17 01:04:59','2013-08-17 01:10:24'),(1831,NULL,0,NULL,'Creado por el movimiento 251','2013-08-17 01:04:59','2013-08-17 01:10:25'),(1832,NULL,0,NULL,'Creado por el movimiento 251','2013-08-17 01:04:59','2013-08-17 01:10:25'),(1833,NULL,0,NULL,'Creado por el movimiento 251','2013-08-17 01:05:00','2013-08-17 01:10:25'),(1834,NULL,0,NULL,'Creado por el movimiento 251','2013-08-17 01:05:00','2013-08-17 01:10:25'),(1835,NULL,1,NULL,'Creado por el movimiento 251','2013-08-17 01:05:00','2013-08-17 01:05:00'),(1836,NULL,1,NULL,'Creado por el movimiento 251','2013-08-17 01:05:00','2013-08-17 01:05:00'),(1837,NULL,1,NULL,'Creado por el movimiento 251','2013-08-17 01:05:00','2013-08-17 01:05:00'),(1838,NULL,1,NULL,'Creado por el movimiento 251','2013-08-17 01:05:00','2013-08-17 01:05:00'),(1839,NULL,1,NULL,'Creado por el movimiento 251','2013-08-17 01:05:00','2013-08-17 01:05:00'),(1840,NULL,1,NULL,'Creado por el movimiento 251','2013-08-17 01:05:01','2013-08-17 01:05:01'),(1841,NULL,1,NULL,'Creado por el movimiento 251','2013-08-17 01:05:01','2013-08-17 01:05:01'),(1842,NULL,1,NULL,'Creado por el movimiento 251','2013-08-17 01:05:01','2013-08-17 01:05:01'),(1843,NULL,1,NULL,'Creado por el movimiento 251','2013-08-17 01:05:01','2013-08-17 01:05:01'),(1844,NULL,1,NULL,'Creado por el movimiento 251','2013-08-17 01:05:01','2013-08-17 01:05:01'),(1845,NULL,1,NULL,'Creado por el movimiento 251','2013-08-17 01:05:01','2013-08-17 01:05:01'),(1846,NULL,1,NULL,'Creado por el movimiento 258','2013-08-21 21:24:11','2013-08-21 21:24:11'),(1847,NULL,1,NULL,'Creado por el movimiento 258','2013-08-21 21:24:12','2013-08-21 21:24:12'),(1848,NULL,1,NULL,'Creado por el movimiento 258','2013-08-21 21:24:12','2013-08-21 21:24:12'),(1849,NULL,1,NULL,'Creado por el movimiento 258','2013-08-21 21:24:12','2013-08-21 21:24:12'),(1850,NULL,1,NULL,'Creado por el movimiento 258','2013-08-21 21:24:12','2013-08-21 21:24:12'),(1851,NULL,1,NULL,'Creado por el movimiento 258','2013-08-21 21:24:12','2013-08-21 21:24:12'),(1852,NULL,1,NULL,'Creado por el movimiento 258','2013-08-21 21:24:12','2013-08-21 21:24:12'),(1853,NULL,1,NULL,'Creado por el movimiento 258','2013-08-21 21:24:12','2013-08-21 21:24:12'),(1854,NULL,1,NULL,'Creado por el movimiento 258','2013-08-21 21:24:12','2013-08-21 21:24:12'),(1855,NULL,1,NULL,'Creado por el movimiento 258','2013-08-21 21:24:12','2013-08-21 21:24:12'),(1856,NULL,1,NULL,'Creado por el movimiento 258','2013-08-21 21:24:12','2013-08-21 21:24:12'),(1857,NULL,1,NULL,'Creado por el movimiento 258','2013-08-21 21:24:13','2013-08-21 21:24:13'),(1858,NULL,1,NULL,'Creado por el movimiento 258','2013-08-21 21:24:13','2013-08-21 21:24:13'),(1859,NULL,1,NULL,'Creado por el movimiento 258','2013-08-21 21:24:13','2013-08-21 21:24:13'),(1860,NULL,1,NULL,'Creado por el movimiento 258','2013-08-21 21:24:13','2013-08-21 21:24:13'),(1861,NULL,1,NULL,'Creado por el movimiento 258','2013-08-21 21:24:13','2013-08-21 21:24:13'),(1862,NULL,1,NULL,'Creado por el movimiento 258','2013-08-21 21:24:13','2013-08-21 21:24:13'),(1863,NULL,1,NULL,'Creado por el movimiento 258','2013-08-21 21:24:13','2013-08-21 21:24:13'),(1864,NULL,1,NULL,'Creado por el movimiento 258','2013-08-21 21:24:13','2013-08-21 21:24:13'),(1865,NULL,1,NULL,'Creado por el movimiento 258','2013-08-21 21:24:13','2013-08-21 21:24:13'),(1866,NULL,1,NULL,'Creado por el movimiento 258','2013-08-21 21:24:13','2013-08-21 21:24:13'),(1867,NULL,1,NULL,'Creado por el movimiento 258','2013-08-21 21:24:13','2013-08-21 21:24:13'),(1868,NULL,1,NULL,'Creado por el movimiento 258','2013-08-21 21:24:13','2013-08-21 21:24:13'),(1869,NULL,1,NULL,'Creado por el movimiento 258','2013-08-21 21:24:13','2013-08-21 21:24:13'),(1870,NULL,1,NULL,'Creado por el movimiento 258','2013-08-21 21:24:13','2013-08-21 21:24:13'),(1871,NULL,1,NULL,'Creado por el movimiento 258','2013-08-21 21:24:13','2013-08-21 21:24:13'),(1872,NULL,1,NULL,'Creado por el movimiento 258','2013-08-21 21:24:13','2013-08-21 21:24:13'),(1873,NULL,1,NULL,'Creado por el movimiento 258','2013-08-21 21:24:14','2013-08-21 21:24:14'),(1874,NULL,1,NULL,'Creado por el movimiento 258','2013-08-21 21:24:14','2013-08-21 21:24:14'),(1875,NULL,1,NULL,'Creado por el movimiento 258','2013-08-21 21:24:14','2013-08-21 21:24:14'),(1876,NULL,1,NULL,'Creado por el movimiento 258','2013-08-21 21:24:14','2013-08-21 21:24:14'),(1877,NULL,1,NULL,'Creado por el movimiento 258','2013-08-21 21:24:14','2013-08-21 21:24:14'),(1878,NULL,1,NULL,'Creado por el movimiento 258','2013-08-21 21:24:14','2013-08-21 21:24:14'),(1879,NULL,1,NULL,'Creado por el movimiento 258','2013-08-21 21:24:14','2013-08-21 21:24:14'),(1880,NULL,1,NULL,'Creado por el movimiento 258','2013-08-21 21:24:14','2013-08-21 21:24:14'),(1881,NULL,1,NULL,'Creado por el movimiento 258','2013-08-21 21:24:14','2013-08-21 21:24:14'),(1882,NULL,1,NULL,'Creado por el movimiento 258','2013-08-21 21:24:14','2013-08-21 21:24:14'),(1883,NULL,1,NULL,'Creado por el movimiento 258','2013-08-21 21:24:14','2013-08-21 21:24:14'),(1884,NULL,1,NULL,'Creado por el movimiento 258','2013-08-21 21:24:14','2013-08-21 21:24:14'),(1885,NULL,1,NULL,'Creado por el movimiento 258','2013-08-21 21:24:14','2013-08-21 21:24:14'),(1886,NULL,1,NULL,'Creado por el movimiento 258','2013-08-21 21:24:14','2013-08-21 21:24:14'),(1887,NULL,1,NULL,'Creado por el movimiento 258','2013-08-21 21:24:14','2013-08-21 21:24:14'),(1888,NULL,1,NULL,'Creado por el movimiento 258','2013-08-21 21:24:14','2013-08-21 21:24:14'),(1889,NULL,1,NULL,'Creado por el movimiento 258','2013-08-21 21:24:14','2013-08-21 21:24:14'),(1890,NULL,1,NULL,'Creado por el movimiento 258','2013-08-21 21:24:14','2013-08-21 21:24:14'),(1891,NULL,1,NULL,'Creado por el movimiento 258','2013-08-21 21:24:14','2013-08-21 21:24:14'),(1892,NULL,1,NULL,'Creado por el movimiento 258','2013-08-21 21:24:14','2013-08-21 21:24:14'),(1893,NULL,1,NULL,'Creado por el movimiento 258','2013-08-21 21:24:14','2013-08-21 21:24:14'),(1894,NULL,1,NULL,'Creado por el movimiento 258','2013-08-21 21:24:14','2013-08-21 21:24:14'),(1895,NULL,1,NULL,'Creado por el movimiento 258','2013-08-21 21:24:14','2013-08-21 21:24:14'),(1896,NULL,1,NULL,'Creado por el movimiento 258','2013-08-21 21:24:14','2013-08-21 21:24:14'),(1897,NULL,1,NULL,'Creado por el movimiento 258','2013-08-21 21:24:14','2013-08-21 21:24:14'),(1898,NULL,1,NULL,'Creado por el movimiento 258','2013-08-21 21:24:14','2013-08-21 21:24:14'),(1899,NULL,1,NULL,'Creado por el movimiento 258','2013-08-21 21:24:15','2013-08-21 21:24:15'),(1900,NULL,1,NULL,'Creado por el movimiento 258','2013-08-21 21:24:15','2013-08-21 21:24:15'),(1901,NULL,1,NULL,'Creado por el movimiento 260','2013-08-21 21:25:53','2013-08-21 21:25:53'),(1902,NULL,1,NULL,'Creado por el movimiento 260','2013-08-21 21:25:53','2013-08-21 21:25:53'),(1903,NULL,1,NULL,'Creado por el movimiento 260','2013-08-21 21:25:53','2013-08-21 21:25:53'),(1904,NULL,1,NULL,'Creado por el movimiento 260','2013-08-21 21:25:53','2013-08-21 21:25:53'),(1905,NULL,1,NULL,'Creado por el movimiento 260','2013-08-21 21:25:53','2013-08-21 21:25:53'),(1906,NULL,1,NULL,'Creado por el movimiento 262','2013-09-03 21:32:32','2013-09-03 21:32:32'),(1907,NULL,1,NULL,'Creado por el movimiento 262','2013-09-03 21:32:32','2013-09-03 21:32:32'),(1908,NULL,1,NULL,'Creado por el movimiento 262','2013-09-03 21:32:32','2013-09-03 21:32:32'),(1909,NULL,1,NULL,'Creado por el movimiento 262','2013-09-03 21:32:32','2013-09-03 21:32:32'),(1910,NULL,1,NULL,'Creado por el movimiento 262','2013-09-03 21:32:32','2013-09-03 21:32:32'),(1911,NULL,1,NULL,'Creado por el movimiento 262','2013-09-03 21:32:32','2013-09-03 21:32:32'),(1912,NULL,1,NULL,'Creado por el movimiento 262','2013-09-03 21:32:32','2013-09-03 21:32:32'),(1913,NULL,1,NULL,'Creado por el movimiento 262','2013-09-03 21:32:32','2013-09-03 21:32:32'),(1914,NULL,1,NULL,'Creado por el movimiento 262','2013-09-03 21:32:32','2013-09-03 21:32:32'),(1915,NULL,1,NULL,'Creado por el movimiento 262','2013-09-03 21:32:32','2013-09-03 21:32:32');
/*!40000 ALTER TABLE `animals` ENABLE KEYS */;
UNLOCK TABLES;

--
-- Table structure for table `tareas`
--

DROP TABLE IF EXISTS `tareas`;
/*!40101 SET @saved_cs_client     = @@character_set_client */;
/*!40101 SET character_set_client = utf8 */;
CREATE TABLE `tareas` (
  `id` int(11) NOT NULL AUTO_INCREMENT,
  `fecha` date DEFAULT NULL,
  `titulo` varchar(255) COLLATE utf8_unicode_ci DEFAULT NULL,
  `desc` text COLLATE utf8_unicode_ci,
  `estado` int(11) DEFAULT NULL,
  `establecimiento_id` int(11) DEFAULT NULL,
  `created_at` datetime DEFAULT NULL,
  `updated_at` datetime DEFAULT NULL,
  PRIMARY KEY (`id`),
  KEY `index_tareas_on_establecimiento_id` (`establecimiento_id`)
) ENGINE=InnoDB AUTO_INCREMENT=2 DEFAULT CHARSET=utf8 COLLATE=utf8_unicode_ci;
/*!40101 SET character_set_client = @saved_cs_client */;

--
-- Dumping data for table `tareas`
--

LOCK TABLES `tareas` WRITE;
/*!40000 ALTER TABLE `tareas` DISABLE KEYS */;
INSERT INTO `tareas` VALUES (1,'2013-09-17','SACAR \"PRONOSTICO PARA\" D LA PAGINA PRINCIPAL','<p><span style=\"text-decoration: underline;\"><strong>DEJAR SOLO EL PRONOSTTICO</strong></span></p>',1,12,'2013-09-17 23:00:56','2013-09-17 23:00:56');
/*!40000 ALTER TABLE `tareas` ENABLE KEYS */;
UNLOCK TABLES;

--
-- Table structure for table `movorigens`
--

DROP TABLE IF EXISTS `movorigens`;
/*!40101 SET @saved_cs_client     = @@character_set_client */;
/*!40101 SET character_set_client = utf8 */;
CREATE TABLE `movorigens` (
  `id` int(11) NOT NULL AUTO_INCREMENT,
  `cat_ori` int(11) DEFAULT NULL,
  `est_ori` int(11) DEFAULT NULL,
  `rod_ori` int(11) DEFAULT NULL,
  `movimiento_id` int(11) DEFAULT NULL,
  `created_at` datetime NOT NULL,
  `updated_at` datetime NOT NULL,
  PRIMARY KEY (`id`),
  KEY `index_movorigens_on_movimiento_id` (`movimiento_id`)
) ENGINE=InnoDB AUTO_INCREMENT=156 DEFAULT CHARSET=utf8 COLLATE=utf8_unicode_ci;
/*!40101 SET character_set_client = @saved_cs_client */;

--
-- Dumping data for table `movorigens`
--

LOCK TABLES `movorigens` WRITE;
/*!40000 ALTER TABLE `movorigens` DISABLE KEYS */;
INSERT INTO `movorigens` VALUES (58,1,1,1,NULL,'2013-05-05 21:39:43','2013-05-05 21:39:43'),(59,1,1,1,NULL,'2013-05-05 21:42:44','2013-05-05 21:42:44'),(60,1,1,1,NULL,'2013-05-05 21:43:46','2013-05-05 21:43:46'),(61,1,1,1,NULL,'2013-05-05 21:47:18','2013-05-05 21:47:18'),(62,1,1,1,NULL,'2013-05-05 21:49:00','2013-05-05 21:49:00'),(63,1,1,1,NULL,'2013-05-05 21:50:31','2013-05-05 21:50:31'),(64,1,1,1,NULL,'2013-05-07 12:38:23','2013-05-07 12:38:23'),(65,1,1,1,NULL,'2013-05-07 12:39:29','2013-05-07 12:39:29'),(100,1,1,1,171,'2013-07-26 22:00:33','2013-07-26 22:00:33'),(101,1,1,1,172,'2013-07-26 22:02:00','2013-07-26 22:02:00'),(102,1,1,1,173,'2013-07-26 22:03:14','2013-07-26 22:03:14'),(103,1,1,1,174,'2013-07-26 22:03:38','2013-07-26 22:03:38'),(104,1,1,1,175,'2013-07-26 22:03:59','2013-07-26 22:03:59'),(105,1,1,1,176,'2013-07-26 22:04:19','2013-07-26 22:04:19'),(106,2,1,2,177,'2013-07-26 22:05:03','2013-07-26 22:05:03'),(107,2,1,2,178,'2013-07-26 22:05:32','2013-07-26 22:05:32'),(108,6,1,2,179,'2013-07-26 22:06:10','2013-07-26 22:06:10'),(109,6,1,2,180,'2013-07-26 22:06:35','2013-07-26 22:06:35'),(114,1,2,1,193,'2013-08-01 03:56:29','2013-08-01 03:56:29'),(115,1,2,1,194,'2013-08-01 03:56:29','2013-08-01 03:56:29'),(118,2,2,1,208,'2013-08-03 22:51:08','2013-08-03 22:51:08'),(119,2,2,1,209,'2013-08-03 22:51:08','2013-08-03 22:51:08'),(120,9,6,1,210,'2013-08-03 22:51:19','2013-08-03 22:51:19'),(121,9,7,1,211,'2013-08-03 22:51:25','2013-08-03 22:51:25'),(122,1,1,1,213,'2013-08-03 22:58:47','2013-08-03 22:58:47'),(123,1,1,1,214,'2013-08-03 22:58:55','2013-08-03 22:58:55'),(124,1,2,1,215,'2013-08-03 22:59:13','2013-08-03 22:59:13'),(125,1,2,1,216,'2013-08-03 22:59:13','2013-08-03 22:59:13'),(126,9,6,1,217,'2013-08-03 22:59:26','2013-08-03 22:59:26'),(127,1,1,2,220,'2013-08-06 17:00:20','2013-08-06 17:00:20'),(128,1,1,2,221,'2013-08-06 17:00:28','2013-08-06 17:00:28'),(129,1,1,1,222,'2013-08-09 18:56:17','2013-08-09 18:56:17'),(130,7,1,1,230,'2013-08-17 00:46:29','2013-08-17 00:46:29'),(131,5,1,1,231,'2013-08-17 00:47:19','2013-08-17 00:47:19'),(134,6,1,1,235,'2013-08-17 00:51:52','2013-08-17 00:51:52'),(135,6,1,1,236,'2013-08-17 00:53:06','2013-08-17 00:53:06'),(136,6,2,1,238,'2013-08-17 00:54:00','2013-08-17 00:54:00'),(137,6,2,1,239,'2013-08-17 00:54:00','2013-08-17 00:54:00'),(138,6,4,1,240,'2013-08-17 00:55:03','2013-08-17 00:55:03'),(139,6,2,1,241,'2013-08-17 00:56:13','2013-08-17 00:56:13'),(140,9,6,1,242,'2013-08-17 00:57:24','2013-08-17 00:57:24'),(141,6,4,1,245,'2013-08-17 01:00:27','2013-08-17 01:00:27'),(142,6,3,1,246,'2013-08-17 01:00:40','2013-08-17 01:00:40'),(143,7,10,1,247,'2013-08-17 01:02:23','2013-08-17 01:02:23'),(144,2,1,1,248,'2013-08-17 01:02:54','2013-08-17 01:02:54'),(145,2,1,1,249,'2013-08-17 01:03:08','2013-08-17 01:03:08'),(146,2,2,1,251,'2013-08-17 01:05:01','2013-08-17 01:05:01'),(147,2,2,1,252,'2013-08-17 01:05:01','2013-08-17 01:05:01'),(148,9,6,1,253,'2013-08-17 01:08:18','2013-08-17 01:08:18'),(150,9,6,1,255,'2013-08-17 01:09:10','2013-08-17 01:09:10'),(151,2,4,1,256,'2013-08-17 01:09:45','2013-08-17 01:09:45'),(152,1,2,1,258,'2013-08-21 21:24:15','2013-08-21 21:24:15'),(153,1,2,1,259,'2013-08-21 21:24:15','2013-08-21 21:24:15'),(154,2,2,2,260,'2013-08-21 21:25:53','2013-08-21 21:25:53'),(155,2,2,2,261,'2013-08-21 21:25:53','2013-08-21 21:25:53');
/*!40000 ALTER TABLE `movorigens` ENABLE KEYS */;
UNLOCK TABLES;

--
-- Table structure for table `empresas`
--

DROP TABLE IF EXISTS `empresas`;
/*!40101 SET @saved_cs_client     = @@character_set_client */;
/*!40101 SET character_set_client = utf8 */;
CREATE TABLE `empresas` (
  `id` int(11) NOT NULL AUTO_INCREMENT,
  `codigo` varchar(255) COLLATE utf8_unicode_ci DEFAULT NULL,
  `nombre` varchar(255) COLLATE utf8_unicode_ci DEFAULT NULL,
  `created_at` datetime DEFAULT NULL,
  `updated_at` datetime DEFAULT NULL,
  PRIMARY KEY (`id`)
) ENGINE=InnoDB AUTO_INCREMENT=11 DEFAULT CHARSET=utf8 COLLATE=utf8_unicode_ci;
/*!40101 SET character_set_client = @saved_cs_client */;

--
-- Dumping data for table `empresas`
--

LOCK TABLES `empresas` WRITE;
/*!40000 ALTER TABLE `empresas` DISABLE KEYS */;
INSERT INTO `empresas` VALUES (6,'LF','LESCANO, MARÍA FELISA','2013-08-15 23:38:56','2013-08-15 23:38:56'),(7,'AE','ESTEVES, ALFREDO','2013-08-15 23:39:13','2013-08-15 23:39:13'),(8,'EAC','SAN EDUARDO','2013-08-17 00:05:56','2013-08-17 00:05:56'),(9,'PRUEBA','PRUEBA','2013-08-17 00:31:04','2013-08-17 00:31:04'),(10,'RF','RANCHO FOJO','2013-08-19 20:43:25','2013-08-19 20:43:25');
/*!40000 ALTER TABLE `empresas` ENABLE KEYS */;
UNLOCK TABLES;

--
-- Table structure for table `aplicaciones`
--

DROP TABLE IF EXISTS `aplicaciones`;
/*!40101 SET @saved_cs_client     = @@character_set_client */;
/*!40101 SET character_set_client = utf8 */;
CREATE TABLE `aplicaciones` (
  `id` int(11) NOT NULL AUTO_INCREMENT,
  `cuota_id` int(11) DEFAULT NULL,
  `transaccion_id` int(11) DEFAULT NULL,
  `importe` decimal(12,2) DEFAULT NULL,
  `created_at` datetime DEFAULT NULL,
  `updated_at` datetime DEFAULT NULL,
  `cuota6` int(11) DEFAULT NULL,
  `cuota9` int(11) DEFAULT NULL,
  PRIMARY KEY (`id`),
  KEY `index_aplicaciones_on_cuota_id` (`cuota_id`),
  KEY `index_aplicaciones_on_transaccion_id` (`transaccion_id`),
  KEY `index_aplicaciones_on_cuota6` (`cuota6`),
  KEY `index_aplicaciones_on_cuota9` (`cuota9`)
) ENGINE=InnoDB AUTO_INCREMENT=4 DEFAULT CHARSET=utf8 COLLATE=utf8_unicode_ci;
/*!40101 SET character_set_client = @saved_cs_client */;

--
-- Dumping data for table `aplicaciones`
--

LOCK TABLES `aplicaciones` WRITE;
/*!40000 ALTER TABLE `aplicaciones` DISABLE KEYS */;
INSERT INTO `aplicaciones` VALUES (1,60,12,3100.00,'2013-09-15 19:10:23','2013-09-15 19:10:23',NULL,NULL),(2,64,14,1000.00,'2013-09-15 19:11:36','2013-09-15 19:11:36',NULL,NULL),(3,61,15,3000.00,'2013-09-15 19:13:38','2013-09-15 19:13:38',NULL,NULL);
/*!40000 ALTER TABLE `aplicaciones` ENABLE KEYS */;
UNLOCK TABLES;

--
-- Table structure for table `eventotipos`
--

DROP TABLE IF EXISTS `eventotipos`;
/*!40101 SET @saved_cs_client     = @@character_set_client */;
/*!40101 SET character_set_client = utf8 */;
CREATE TABLE `eventotipos` (
  `id` int(11) NOT NULL AUTO_INCREMENT,
  `codigo` int(11) DEFAULT NULL,
  `nombre` varchar(255) COLLATE utf8_unicode_ci DEFAULT NULL,
  `desc` text COLLATE utf8_unicode_ci,
  `created_at` datetime DEFAULT NULL,
  `updated_at` datetime DEFAULT NULL,
  PRIMARY KEY (`id`)
) ENGINE=InnoDB DEFAULT CHARSET=utf8 COLLATE=utf8_unicode_ci;
/*!40101 SET character_set_client = @saved_cs_client */;

--
-- Dumping data for table `eventotipos`
--

LOCK TABLES `eventotipos` WRITE;
/*!40000 ALTER TABLE `eventotipos` DISABLE KEYS */;
/*!40000 ALTER TABLE `eventotipos` ENABLE KEYS */;
UNLOCK TABLES;

--
-- Table structure for table `estados`
--

DROP TABLE IF EXISTS `estados`;
/*!40101 SET @saved_cs_client     = @@character_set_client */;
/*!40101 SET character_set_client = utf8 */;
CREATE TABLE `estados` (
  `id` int(11) NOT NULL AUTO_INCREMENT,
  `nombre` varchar(255) COLLATE utf8_unicode_ci DEFAULT NULL,
  `desc` varchar(255) COLLATE utf8_unicode_ci DEFAULT NULL,
  `created_at` datetime NOT NULL,
  `updated_at` datetime NOT NULL,
  PRIMARY KEY (`id`)
) ENGINE=InnoDB AUTO_INCREMENT=13 DEFAULT CHARSET=utf8 COLLATE=utf8_unicode_ci;
/*!40101 SET character_set_client = @saved_cs_client */;

--
-- Dumping data for table `estados`
--

LOCK TABLES `estados` WRITE;
/*!40000 ALTER TABLE `estados` DISABLE KEYS */;
INSERT INTO `estados` VALUES (1,' SERVICIO','','2013-04-02 15:32:17','2013-07-27 13:39:45'),(2,'PREÑADA','','2013-04-02 15:32:25','2013-04-02 15:32:25'),(3,'VACIA','','2013-04-02 15:32:31','2013-04-02 15:32:31'),(4,'CRIA AL PIE','','2013-04-02 15:32:40','2013-04-02 15:32:40'),(5,'SECA','','2013-04-02 15:32:49','2013-04-02 15:32:49'),(6,'AL PIE','','2013-04-02 15:32:57','2013-04-02 15:32:57'),(7,'SEÑALADO','','2013-04-02 15:33:03','2013-04-02 15:33:03'),(8,'DESTETADO','','2013-04-02 15:33:09','2013-04-02 15:33:09'),(9,'DESCARTE','','2013-04-13 20:01:27','2013-04-13 20:01:27'),(10,'DESCANSO','','2013-04-13 20:01:29','2013-04-13 20:02:15'),(11,'PREÑADA VENTA','','2013-07-26 21:50:39','2013-07-26 21:50:39'),(12,'RECRIA','','2013-08-01 00:23:19','2013-08-01 00:23:19');
/*!40000 ALTER TABLE `estados` ENABLE KEYS */;
UNLOCK TABLES;

--
-- Table structure for table `cuotas`
--

DROP TABLE IF EXISTS `cuotas`;
/*!40101 SET @saved_cs_client     = @@character_set_client */;
/*!40101 SET character_set_client = utf8 */;
CREATE TABLE `cuotas` (
  `id` int(11) NOT NULL AUTO_INCREMENT,
  `fecha` date DEFAULT NULL,
  `cuota` int(11) DEFAULT NULL,
  `importe` decimal(12,2) DEFAULT NULL,
  `transaccion_id` int(11) DEFAULT NULL,
  `created_at` datetime DEFAULT NULL,
  `updated_at` datetime DEFAULT NULL,
  `desc` text COLLATE utf8_unicode_ci,
  `empresa_id` int(11) DEFAULT NULL,
  `tipo` int(11) DEFAULT NULL,
  PRIMARY KEY (`id`),
  KEY `index_cuotas_on_transaccion_id` (`transaccion_id`),
  KEY `index_cuotas_on_empresa_id` (`empresa_id`),
  KEY `index_cuotas_on_tipo` (`tipo`)
) ENGINE=InnoDB AUTO_INCREMENT=179 DEFAULT CHARSET=utf8 COLLATE=utf8_unicode_ci;
/*!40101 SET character_set_client = @saved_cs_client */;

--
-- Dumping data for table `cuotas`
--

LOCK TABLES `cuotas` WRITE;
/*!40000 ALTER TABLE `cuotas` DISABLE KEYS */;
INSERT INTO `cuotas` VALUES (35,'2013-09-04',1,159.08,7,'2013-09-04 22:19:15','2013-09-04 22:19:15',NULL,7,NULL),(36,'2013-10-04',2,159.08,7,'2013-09-04 22:19:15','2013-09-04 22:19:15',NULL,7,NULL),(37,'2013-11-04',3,159.08,7,'2013-09-04 22:19:15','2013-09-04 22:19:15',NULL,7,NULL),(38,'2013-12-04',4,159.08,7,'2013-09-04 22:19:15','2013-09-04 22:19:15',NULL,7,NULL),(39,'2014-01-04',5,159.08,7,'2013-09-04 22:19:15','2013-09-04 22:19:15',NULL,7,NULL),(40,'2014-02-04',6,159.08,7,'2013-09-04 22:19:15','2013-09-04 22:19:15',NULL,7,NULL),(41,'2014-03-04',7,159.08,7,'2013-09-04 22:19:15','2013-09-04 22:19:15',NULL,7,NULL),(42,'2014-04-04',8,159.08,7,'2013-09-04 22:19:15','2013-09-04 22:19:15',NULL,7,NULL),(43,'2014-05-04',9,159.08,7,'2013-09-04 22:19:16','2013-09-04 22:19:16',NULL,7,NULL),(44,'2014-06-04',10,159.08,7,'2013-09-04 22:19:16','2013-09-04 22:19:16',NULL,7,NULL),(45,'2014-07-04',11,159.08,7,'2013-09-04 22:19:16','2013-09-04 22:19:16',NULL,7,NULL),(46,'2014-08-04',12,159.08,7,'2013-09-04 22:19:16','2013-09-04 22:19:16',NULL,7,NULL),(83,'2013-10-01',1,3100.00,22,'2013-09-22 19:51:21','2013-09-22 19:51:21','C-1: ALQUILER',10,NULL),(84,'2013-11-01',2,3100.00,22,'2013-09-22 19:51:21','2013-09-22 19:51:21','C-2: ALQUILER',10,NULL),(88,'2013-10-15',1,3000.00,24,'2013-09-22 20:35:25','2013-09-22 20:35:25','C-1: TASA DE JUSTICIA',10,NULL),(89,'2013-12-15',1,3500.00,25,'2013-09-22 20:36:06','2013-09-22 20:36:06','C-1: SAC FLOPPY',10,NULL),(93,'2013-10-01',1,2000.00,27,'2013-09-22 20:38:50','2013-09-22 20:38:50','C-1: BONOS',10,NULL),(94,'2013-11-01',2,2000.00,27,'2013-09-22 20:38:51','2013-09-22 20:38:51','C-2: BONOS',10,NULL),(95,'2013-12-01',3,2000.00,27,'2013-09-22 20:38:51','2013-09-22 20:38:51','C-3: BONOS',10,NULL),(99,'2013-10-05',1,7000.00,23,'2013-09-22 20:39:21','2013-09-22 20:39:21','C-1: SUELDO FLOPPY',10,NULL),(100,'2013-11-05',2,7000.00,23,'2013-09-22 20:39:21','2013-09-22 20:39:21','C-2: SUELDO FLOPPY',10,NULL),(101,'2013-12-05',3,7000.00,23,'2013-09-22 20:39:21','2013-09-22 20:39:21','C-3: SUELDO FLOPPY',10,NULL),(111,'2013-10-05',1,210.00,29,'2013-09-22 21:05:11','2013-09-22 21:05:11','C-1: TELERED',10,NULL),(112,'2013-11-05',2,210.00,29,'2013-09-22 21:05:11','2013-09-22 21:05:11','C-2: TELERED',10,NULL),(113,'2013-12-05',3,210.00,29,'2013-09-22 21:05:11','2013-09-22 21:05:11','C-3: TELERED',10,NULL),(114,'2013-12-15',1,3500.00,30,'2013-09-22 21:05:47','2013-09-22 21:05:47','C-1: SAC JOSE',10,NULL),(115,'2013-12-01',1,4100.00,31,'2013-09-22 21:09:42','2013-09-22 21:09:42','C-1: ALQUILER NUEVO IMPORTE',10,NULL),(116,'2013-12-01',1,4100.00,32,'2013-09-22 21:10:18','2013-09-22 21:10:18','C-1: COMISIÓN FINCAS',10,NULL),(117,'2013-12-01',1,1500.00,33,'2013-09-22 21:11:32','2013-09-22 21:11:32','C-1: DEPOSITO DE ALQUILER DIFERENCIA (4100-2600 =1500)',10,NULL),(118,'2013-09-15',1,550.00,34,'2013-09-22 21:14:45','2013-09-22 21:14:45','C-1: ADELANTO EN TARJETA QUEDA A CRÉDITO',10,NULL),(119,'2013-10-20',1,640.00,28,'2013-09-22 21:21:17','2013-09-22 21:21:17','C-1: SEGURO',10,NULL),(120,'2013-11-20',2,640.00,28,'2013-09-22 21:21:17','2013-09-22 21:21:17','C-2: SEGURO',10,NULL),(121,'2013-12-20',3,640.00,28,'2013-09-22 21:21:17','2013-09-22 21:21:17','C-3: SEGURO',10,NULL),(125,'2013-10-01',1,7000.00,26,'2013-09-22 21:44:22','2013-09-22 21:44:22','C-1: SUELDO JOSE',10,NULL),(126,'2013-11-01',2,7000.00,26,'2013-09-22 21:44:22','2013-09-22 21:44:22','C-2: SUELDO JOSE',10,NULL),(127,'2013-12-01',3,7000.00,26,'2013-09-22 21:44:22','2013-09-22 21:44:22','C-3: SUELDO JOSE',10,NULL),(132,'2013-09-22',1,46.00,36,'2013-09-22 21:55:28','2013-09-22 21:55:28','C-1: SALDOS INCIALES',10,NULL),(133,'2013-09-22',1,3300.00,35,'2013-09-22 21:56:46','2013-09-22 21:56:46','C-1: SALDOS INICIALES',10,NULL),(134,'2013-09-22',1,22000.00,39,'2013-09-22 21:57:38','2013-09-22 21:57:38','C-1: SALDOS INICIALES FLOPPY',10,NULL),(135,'2013-10-15',1,450.00,40,'2013-09-22 21:58:13','2013-09-22 21:58:13','C-1: CURSO PARTO',10,NULL),(136,'2013-10-15',1,3000.00,41,'2013-09-22 21:59:11','2013-09-22 21:59:11','C-1: TRINIDAD SAN ISIDRO',10,NULL),(152,'2013-09-29',1,125.75,44,'2013-09-22 22:07:37','2013-09-22 22:07:37','C-1: MAQUINA COSER',10,NULL),(153,'2013-10-29',2,125.75,44,'2013-09-22 22:07:37','2013-09-22 22:07:37','C-2: MAQUINA COSER',10,NULL),(154,'2013-11-29',3,125.75,44,'2013-09-22 22:07:37','2013-09-22 22:07:37','C-3: MAQUINA COSER',10,NULL),(155,'2013-12-29',4,125.75,44,'2013-09-22 22:07:37','2013-09-22 22:07:37','C-4: MAQUINA COSER',10,NULL),(156,'2014-01-29',5,125.75,44,'2013-09-22 22:07:37','2013-09-22 22:07:37','C-5: MAQUINA COSER',10,NULL),(157,'2014-02-28',6,125.75,44,'2013-09-22 22:07:38','2013-09-22 22:07:38','C-6: MAQUINA COSER',10,NULL),(158,'2014-03-29',7,125.75,44,'2013-09-22 22:07:38','2013-09-22 22:07:38','C-7: MAQUINA COSER',10,NULL),(159,'2014-04-29',8,125.75,44,'2013-09-22 22:07:38','2013-09-22 22:07:38','C-8: MAQUINA COSER',10,NULL),(160,'2014-05-29',9,125.75,44,'2013-09-22 22:07:38','2013-09-22 22:07:38','C-9: MAQUINA COSER',10,NULL),(161,'2014-06-29',10,125.75,44,'2013-09-22 22:07:38','2013-09-22 22:07:38','C-10: MAQUINA COSER',10,NULL),(163,'2013-09-23',1,20.75,43,'2013-09-22 22:08:40','2013-09-22 22:08:40','C-1: CUOTA FRAVEGA',10,NULL),(164,'2013-10-23',2,20.75,43,'2013-09-22 22:08:40','2013-09-22 22:08:40','C-2: CUOTA FRAVEGA',10,NULL),(165,'2013-11-23',3,20.75,43,'2013-09-22 22:08:41','2013-09-22 22:08:41','C-3: CUOTA FRAVEGA',10,NULL),(166,'2013-12-23',4,20.75,43,'2013-09-22 22:08:41','2013-09-22 22:08:41','C-4: CUOTA FRAVEGA',10,NULL),(167,'2014-01-23',5,20.75,43,'2013-09-22 22:08:42','2013-09-22 22:08:42','C-5: CUOTA FRAVEGA',10,NULL),(168,'2014-02-23',6,20.75,43,'2013-09-22 22:08:42','2013-09-22 22:08:42','C-6: CUOTA FRAVEGA',10,NULL),(169,'2014-03-23',7,20.75,43,'2013-09-22 22:08:42','2013-09-22 22:08:42','C-7: CUOTA FRAVEGA',10,NULL),(170,'2014-04-23',8,20.75,43,'2013-09-22 22:08:42','2013-09-22 22:08:42','C-8: CUOTA FRAVEGA',10,NULL),(171,'2013-10-16',1,138.88,42,'2013-09-22 22:09:10','2013-09-22 22:09:10','C-1: LAN SALTA CABALGATA',10,NULL),(172,'2013-11-16',2,138.88,42,'2013-09-22 22:09:10','2013-09-22 22:09:10','C-2: LAN SALTA CABALGATA',10,NULL),(173,'2013-12-16',3,138.88,42,'2013-09-22 22:09:10','2013-09-22 22:09:10','C-3: LAN SALTA CABALGATA',10,NULL),(174,'2014-01-16',4,138.88,42,'2013-09-22 22:09:10','2013-09-22 22:09:10','C-4: LAN SALTA CABALGATA',10,NULL),(175,'2014-02-16',5,138.88,42,'2013-09-22 22:09:10','2013-09-22 22:09:10','C-5: LAN SALTA CABALGATA',10,NULL),(176,'2014-03-16',6,138.88,42,'2013-09-22 22:09:10','2013-09-22 22:09:10','C-6: LAN SALTA CABALGATA',10,NULL),(177,'2014-04-16',7,138.88,42,'2013-09-22 22:09:11','2013-09-22 22:09:11','C-7: LAN SALTA CABALGATA',10,NULL),(178,'2013-10-05',1,125.00,45,'2013-09-22 22:09:49','2013-09-22 22:09:49','C-1: ZAPATOS',10,NULL);
/*!40000 ALTER TABLE `cuotas` ENABLE KEYS */;
UNLOCK TABLES;

--
-- Table structure for table `cat_tipos_estados`
--

DROP TABLE IF EXISTS `cat_tipos_estados`;
/*!40101 SET @saved_cs_client     = @@character_set_client */;
/*!40101 SET character_set_client = utf8 */;
CREATE TABLE `cat_tipos_estados` (
  `cat_tipo_id` int(11) DEFAULT NULL,
  `estado_id` int(11) DEFAULT NULL,
  KEY `index_cat_tipos_estados_on_cat_tipo_id_and_estado_id` (`cat_tipo_id`,`estado_id`),
  KEY `index_cat_tipos_estados_on_estado_id_and_cat_tipo_id` (`estado_id`,`cat_tipo_id`)
) ENGINE=InnoDB DEFAULT CHARSET=utf8 COLLATE=utf8_unicode_ci;
/*!40101 SET character_set_client = @saved_cs_client */;

--
-- Dumping data for table `cat_tipos_estados`
--

LOCK TABLES `cat_tipos_estados` WRITE;
/*!40000 ALTER TABLE `cat_tipos_estados` DISABLE KEYS */;
INSERT INTO `cat_tipos_estados` VALUES (1,1),(1,2),(1,3),(1,4),(1,5),(1,11),(2,6),(2,7),(2,8),(3,1),(3,9),(3,10),(4,12);
/*!40000 ALTER TABLE `cat_tipos_estados` ENABLE KEYS */;
UNLOCK TABLES;
/*!40103 SET TIME_ZONE=@OLD_TIME_ZONE */;

/*!40101 SET SQL_MODE=@OLD_SQL_MODE */;
/*!40014 SET FOREIGN_KEY_CHECKS=@OLD_FOREIGN_KEY_CHECKS */;
/*!40014 SET UNIQUE_CHECKS=@OLD_UNIQUE_CHECKS */;
/*!40101 SET CHARACTER_SET_CLIENT=@OLD_CHARACTER_SET_CLIENT */;
/*!40101 SET CHARACTER_SET_RESULTS=@OLD_CHARACTER_SET_RESULTS */;
/*!40101 SET COLLATION_CONNECTION=@OLD_COLLATION_CONNECTION */;
/*!40111 SET SQL_NOTES=@OLD_SQL_NOTES */;

-- Dump completed on 2013-10-02 17:22:24
CREATE DATABASE  IF NOT EXISTS `slop_test` /*!40100 DEFAULT CHARACTER SET utf8 COLLATE utf8_unicode_ci */;
USE `slop_test`;
-- MySQL dump 10.13  Distrib 5.5.32, for debian-linux-gnu (i686)
--
-- Host: localhost    Database: slop_test
-- ------------------------------------------------------
-- Server version	5.5.32-0ubuntu0.12.04.1

/*!40101 SET @OLD_CHARACTER_SET_CLIENT=@@CHARACTER_SET_CLIENT */;
/*!40101 SET @OLD_CHARACTER_SET_RESULTS=@@CHARACTER_SET_RESULTS */;
/*!40101 SET @OLD_COLLATION_CONNECTION=@@COLLATION_CONNECTION */;
/*!40101 SET NAMES utf8 */;
/*!40103 SET @OLD_TIME_ZONE=@@TIME_ZONE */;
/*!40103 SET TIME_ZONE='+00:00' */;
/*!40014 SET @OLD_UNIQUE_CHECKS=@@UNIQUE_CHECKS, UNIQUE_CHECKS=0 */;
/*!40014 SET @OLD_FOREIGN_KEY_CHECKS=@@FOREIGN_KEY_CHECKS, FOREIGN_KEY_CHECKS=0 */;
/*!40101 SET @OLD_SQL_MODE=@@SQL_MODE, SQL_MODE='NO_AUTO_VALUE_ON_ZERO' */;
/*!40111 SET @OLD_SQL_NOTES=@@SQL_NOTES, SQL_NOTES=0 */;

--
-- Table structure for table `eventos`
--

DROP TABLE IF EXISTS `eventos`;
/*!40101 SET @saved_cs_client     = @@character_set_client */;
/*!40101 SET character_set_client = utf8 */;
CREATE TABLE `eventos` (
  `id` int(11) NOT NULL AUTO_INCREMENT,
  `fecha` date DEFAULT NULL,
  `registro` decimal(7,2) DEFAULT NULL,
  `decimal` decimal(7,2) DEFAULT NULL,
  `unidad` varchar(255) COLLATE utf8_unicode_ci DEFAULT NULL,
  `desc` text COLLATE utf8_unicode_ci,
  `eventotipo_id` int(11) DEFAULT NULL,
  `created_at` datetime DEFAULT NULL,
  `updated_at` datetime DEFAULT NULL,
  PRIMARY KEY (`id`),
  KEY `index_eventos_on_eventotipo_id` (`eventotipo_id`)
) ENGINE=InnoDB AUTO_INCREMENT=2 DEFAULT CHARSET=utf8 COLLATE=utf8_unicode_ci;
/*!40101 SET character_set_client = @saved_cs_client */;

--
-- Dumping data for table `eventos`
--

LOCK TABLES `eventos` WRITE;
/*!40000 ALTER TABLE `eventos` DISABLE KEYS */;
INSERT INTO `eventos` VALUES (1,'2013-10-02',1.00,NULL,'mm','ldjasdkr2l',NULL,'2013-10-02 00:06:11','2013-10-02 00:06:11');
/*!40000 ALTER TABLE `eventos` ENABLE KEYS */;
UNLOCK TABLES;

--
-- Table structure for table `transacciones`
--

DROP TABLE IF EXISTS `transacciones`;
/*!40101 SET @saved_cs_client     = @@character_set_client */;
/*!40101 SET character_set_client = utf8 */;
CREATE TABLE `transacciones` (
  `id` int(11) NOT NULL AUTO_INCREMENT,
  `fecha` date DEFAULT NULL,
  `importe` decimal(12,2) DEFAULT NULL,
  `cuotascantidad` int(11) DEFAULT NULL,
  `created_at` datetime DEFAULT NULL,
  `updated_at` datetime DEFAULT NULL,
  `ctaD_id` int(11) DEFAULT NULL,
  `ctaH_id` int(11) DEFAULT NULL,
  `transacciontipo_id` int(11) DEFAULT NULL,
  `empresa_id` int(11) DEFAULT NULL,
  `desc` text COLLATE utf8_unicode_ci,
  `valorCuota` decimal(12,2) DEFAULT NULL,
  `rmensuales` tinyint(1) DEFAULT NULL,
  PRIMARY KEY (`id`),
  KEY `index_transacciones_on_ctaD_id` (`ctaD_id`),
  KEY `index_transacciones_on_ctaH_id` (`ctaH_id`),
  KEY `index_transacciones_on_transacciontipo_id` (`transacciontipo_id`),
  KEY `index_transacciones_on_empresa_id` (`empresa_id`)
) ENGINE=InnoDB AUTO_INCREMENT=149 DEFAULT CHARSET=utf8 COLLATE=utf8_unicode_ci;
/*!40101 SET character_set_client = @saved_cs_client */;

--
-- Dumping data for table `transacciones`
--

LOCK TABLES `transacciones` WRITE;
/*!40000 ALTER TABLE `transacciones` DISABLE KEYS */;
INSERT INTO `transacciones` VALUES (134,'2013-09-27',3000.00,2,'2013-09-27 18:35:16','2013-09-27 18:35:16',250,238,2,5,'Porbando cierre\r\n',1500.00,0),(135,'2013-09-27',1500.00,1,'2013-09-27 18:35:45','2013-09-27 18:35:45',238,237,3,5,'dsadasd',1500.00,0),(136,'2013-09-27',1500.00,2,'2013-09-27 18:40:50','2013-09-27 18:40:50',237,236,3,5,'dsadasda',750.00,0),(137,'2013-09-27',1500.00,3,'2013-09-27 18:41:30','2013-09-27 18:41:30',238,237,3,5,'kjkjkjh',500.00,0),(138,'2013-09-27',1000.00,4,'2013-09-27 19:08:11','2013-09-27 19:08:11',251,233,2,5,'Probando',250.00,0),(139,'2013-09-27',250.00,4,'2013-09-27 19:08:37','2013-09-27 19:09:10',233,237,3,5,'prbandoooo',62.50,0),(140,'2013-09-27',1000.00,1,'2013-09-27 21:36:04','2013-09-27 21:36:04',233,214,3,5,'adelanto de tarjeta',1000.00,0),(141,'2013-09-27',500.00,5,'2013-09-27 22:53:32','2013-09-27 22:53:32',251,234,2,5,'Cuotas del super',100.00,0),(142,'2013-09-27',300.00,1,'2013-09-27 22:53:53','2013-09-27 22:53:53',234,214,3,5,'adelanto de tarjeta',300.00,0),(143,'2013-09-27',750.00,20,'2013-09-27 23:04:30','2013-09-27 23:04:30',251,233,2,5,'jejejej',37.50,0),(144,'2013-09-27',400.00,1,'2013-09-27 23:34:13','2013-09-27 23:34:13',233,214,3,5,'cargar saldo',400.00,0),(145,'2013-10-15',1899.99,1,'2013-09-29 15:59:32','2013-09-29 15:59:32',251,217,2,5,'weqwe',1899.99,0),(146,'2013-09-30',15.00,1,'2013-09-29 16:59:06','2013-09-29 16:59:06',250,214,2,5,'dasdas',15.00,0),(147,'2013-09-29',9300.00,3,'2013-09-29 17:43:39','2013-09-29 17:43:39',41,29,2,6,'alq',3100.00,1),(148,'2013-09-29',3100.00,1,'2013-09-29 17:44:32','2013-09-29 17:44:32',29,24,3,6,'eddq',3100.00,0);
/*!40000 ALTER TABLE `transacciones` ENABLE KEYS */;
UNLOCK TABLES;

--
-- Table structure for table `users`
--

DROP TABLE IF EXISTS `users`;
/*!40101 SET @saved_cs_client     = @@character_set_client */;
/*!40101 SET character_set_client = utf8 */;
CREATE TABLE `users` (
  `id` int(11) NOT NULL AUTO_INCREMENT,
  `usuario` varchar(255) COLLATE utf8_unicode_ci DEFAULT NULL,
  `password_digest` varchar(255) COLLATE utf8_unicode_ci DEFAULT NULL,
  `created_at` datetime NOT NULL,
  `updated_at` datetime NOT NULL,
  PRIMARY KEY (`id`)
) ENGINE=InnoDB AUTO_INCREMENT=7 DEFAULT CHARSET=utf8 COLLATE=utf8_unicode_ci;
/*!40101 SET character_set_client = @saved_cs_client */;

--
-- Dumping data for table `users`
--

LOCK TABLES `users` WRITE;
/*!40000 ALTER TABLE `users` DISABLE KEYS */;
INSERT INTO `users` VALUES (4,'ALFREDO','$2a$10$CZV4C9dICs4dh80SxkuqiOLOOrXEy6Kobpw04jEiJ5havGQT.PMqm','2013-07-26 21:49:26','2013-08-29 13:50:58'),(6,'PONY','$2a$10$kB269XU5eEe5odYMSPIMeu2Wgmm58u7KXZvR5.AK97A9pc2GT60fG','2013-07-31 12:55:50','2013-09-03 14:11:35');
/*!40000 ALTER TABLE `users` ENABLE KEYS */;
UNLOCK TABLES;

--
-- Table structure for table `tipo_accs`
--

DROP TABLE IF EXISTS `tipo_accs`;
/*!40101 SET @saved_cs_client     = @@character_set_client */;
/*!40101 SET character_set_client = utf8 */;
CREATE TABLE `tipo_accs` (
  `id` int(11) NOT NULL AUTO_INCREMENT,
  `nombre` varchar(255) COLLATE utf8_unicode_ci DEFAULT NULL,
  `codigo` int(11) DEFAULT NULL,
  `created_at` datetime NOT NULL,
  `updated_at` datetime NOT NULL,
  PRIMARY KEY (`id`)
) ENGINE=InnoDB AUTO_INCREMENT=14 DEFAULT CHARSET=utf8 COLLATE=utf8_unicode_ci;
/*!40101 SET character_set_client = @saved_cs_client */;

--
-- Dumping data for table `tipo_accs`
--

LOCK TABLES `tipo_accs` WRITE;
/*!40000 ALTER TABLE `tipo_accs` DISABLE KEYS */;
INSERT INTO `tipo_accs` VALUES (1,'RECUENTO POSITIVO',1,'2013-04-02 15:33:44','2013-04-10 21:01:51'),(2,'NACIMIENTO',2,'2013-04-02 15:34:03','2013-04-02 15:34:03'),(3,'PARTO',0,'2013-04-02 15:34:20','2013-04-02 15:34:20'),(4,'MUERTE',-2,'2013-04-02 15:34:29','2013-04-10 21:14:18'),(5,'TACTO',15,'2013-04-02 15:35:05','2013-04-03 03:23:37'),(6,'YERRA',15,'2013-04-02 15:35:23','2013-04-03 03:23:31'),(7,'DESTETE',15,'2013-04-02 15:35:40','2013-04-03 03:23:24'),(8,'CAMBIO DE CATEGORIA',11,'2013-04-03 03:24:01','2013-04-03 03:24:01'),(9,'RECUENTO NEGATIVO',-1,'2013-04-10 21:01:31','2013-04-10 21:14:30'),(10,'RECEPCION',3,'2013-04-10 21:02:37','2013-04-10 21:02:37'),(11,'REC. TRASLADO INTERNO',4,'2013-04-10 21:03:32','2013-04-10 21:03:32'),(12,'DESPACHO',-3,'2013-04-10 21:03:53','2013-04-10 21:03:53'),(13,'DESP. TRASLADO INTERNO',-4,'2013-04-10 21:04:32','2013-04-10 21:04:32');
/*!40000 ALTER TABLE `tipo_accs` ENABLE KEYS */;
UNLOCK TABLES;

--
-- Table structure for table `cuentas`
--

DROP TABLE IF EXISTS `cuentas`;
/*!40101 SET @saved_cs_client     = @@character_set_client */;
/*!40101 SET character_set_client = utf8 */;
CREATE TABLE `cuentas` (
  `id` int(11) NOT NULL AUTO_INCREMENT,
  `codigo` varchar(255) COLLATE utf8_unicode_ci DEFAULT NULL,
  `nombre` varchar(255) COLLATE utf8_unicode_ci DEFAULT NULL,
  `tipo` int(11) DEFAULT NULL,
  `created_at` datetime DEFAULT NULL,
  `updated_at` datetime DEFAULT NULL,
  `cierre` int(11) DEFAULT NULL,
  `empresa_id` int(11) DEFAULT NULL,
  PRIMARY KEY (`id`),
  KEY `index_cuentas_on_empresa_id` (`empresa_id`)
) ENGINE=InnoDB AUTO_INCREMENT=263 DEFAULT CHARSET=utf8 COLLATE=utf8_unicode_ci;
/*!40101 SET character_set_client = @saved_cs_client */;

--
-- Dumping data for table `cuentas`
--

LOCK TABLES `cuentas` WRITE;
/*!40000 ALTER TABLE `cuentas` DISABLE KEYS */;
INSERT INTO `cuentas` VALUES (1,'1','ACTIVO',0,NULL,NULL,NULL,6),(2,'1.1','ACTIVO CORRIENTE',0,NULL,NULL,NULL,6),(3,'1.1.1','CAJA',0,NULL,NULL,NULL,6),(5,'1.1.1.1','CAJA GENERAL $',1,NULL,NULL,NULL,6),(6,'1.1.2','BANCOS',0,NULL,NULL,NULL,6),(7,'1.1.2.3','GALICIA CA',1,NULL,NULL,NULL,6),(8,'1.1.2.2','BBVA CA',1,NULL,NULL,NULL,6),(9,'1.1.2.1','BBVA CTA CTE',1,NULL,NULL,NULL,6),(10,'1.1.2.4','PROV CA',1,NULL,NULL,NULL,6),(11,'1.1.3','CREDITOS',0,NULL,NULL,NULL,6),(12,'1.1.3.1','POR COBRAR',2,NULL,NULL,NULL,6),(13,'1.1.4','AHORROS',0,NULL,NULL,NULL,6),(14,'1.1.4.1','CAJA GRIS $',1,NULL,NULL,NULL,6),(15,'1.1.4.2','CAJA GRIS U$S',1,NULL,NULL,NULL,6),(16,'1.1.4.3','CAJA GRIS UY',1,NULL,NULL,NULL,6),(17,'1.1.4.4','CAJA GRIS REAIS',1,NULL,NULL,NULL,6),(18,'1.2','ACTIVO NO CORRIENTE',0,NULL,NULL,NULL,6),(19,'1.2.1','BIENES DE USO',0,NULL,NULL,NULL,6),(20,'1.2.1.1','RODADOS',4,NULL,'2013-09-11 23:46:48',NULL,6),(21,'2','PASIVO',0,NULL,NULL,NULL,6),(22,'2.1','PASIVO CORRIENTE',0,NULL,NULL,NULL,6),(23,'2.1.2','DEUDAS',0,NULL,NULL,NULL,6),(24,'2.1.2.1','BBVA VISA',3,NULL,'2013-09-15 23:23:59',25,6),(25,'2.1.2.2','BBVA MASTER',3,NULL,'2013-09-11 23:45:46',NULL,6),(26,'2.1.2.3','GALICIA VISA',3,NULL,'2013-09-11 23:45:58',NULL,6),(27,'2.1.2.4','PROV VISA',3,NULL,'2013-09-11 23:46:08',NULL,6),(28,'2.1.2.5','HSBC VISA',3,NULL,'2013-09-11 23:46:19',NULL,6),(29,'2.1.2.5','SERVICIOS A PAGAR',3,NULL,'2013-09-11 23:46:28',NULL,6),(30,'3','PATRIMONIO',0,NULL,NULL,NULL,6),(31,'3.1.0.1','CAPITAL',5,NULL,'2013-09-12 01:00:08',NULL,6),(32,'4','INGRESOS',0,NULL,NULL,NULL,6),(33,'4.1.1.1','SUELDO JOSE',6,NULL,'2013-09-11 23:49:06',NULL,6),(34,'4.1.1.2','SUELDO FLO',6,NULL,'2013-09-11 23:49:22',NULL,6),(35,'4.1.1.3','VET',6,NULL,'2013-09-11 23:49:33',NULL,6),(36,'4.1.1.4','SLOP',6,NULL,'2013-09-11 23:49:45',NULL,6),(37,'4.1.1.5','BENDITO CAMINO',6,NULL,'2013-09-11 23:49:59',NULL,6),(38,'4.1.1.6','REGALOS',6,NULL,'2013-09-11 23:50:08',NULL,6),(39,'5','EGRESOS',0,NULL,NULL,NULL,6),(40,'5.1','CASA',0,NULL,NULL,NULL,6),(41,'5.1.1.1','ALQUILER',7,NULL,NULL,NULL,6),(42,'5.1.1.2','SUPERMERCADO',7,NULL,NULL,NULL,6),(43,'5.1.1.3','SERVICIOS',7,NULL,NULL,NULL,6),(44,'5.2','AUTO',0,NULL,NULL,NULL,6),(45,'5.2.1.1','AUTO',7,NULL,'2013-09-11 23:47:32',NULL,6),(46,'5.3','GENERALES',0,NULL,NULL,NULL,6),(47,'5.3.1.1','VIAJES',7,NULL,NULL,NULL,6),(48,'5.3.1.2','REGALOS',7,NULL,NULL,NULL,6),(49,'5.3.1.3','GENERALES',7,NULL,NULL,NULL,6),(50,'5.3.1.5','ALMUERZOS',7,NULL,NULL,NULL,6),(51,'5.3.1.6','EDUCACION',7,NULL,NULL,NULL,6),(52,'5.3.1.7','EXTRA ORDINARIOS',7,NULL,NULL,NULL,6),(53,'5.3.1.8','ENTRETENIMIENTO',7,NULL,NULL,NULL,6),(54,'2.1.2.6','BBVA VISA A PAGAR',3,'2013-09-14 18:15:27','2013-09-14 19:37:08',NULL,6),(55,'1','ACTIVO',0,'2013-09-22 23:21:24','2013-09-22 23:21:24',NULL,2),(56,'1.1','ACTIVO CORRIENTE',0,'2013-09-22 23:21:24','2013-09-22 23:21:24',NULL,2),(57,'1.1.1','CAJA',0,'2013-09-22 23:21:24','2013-09-22 23:21:24',NULL,2),(58,'1.1.1.1','CAJA GENERAL $',1,'2013-09-22 23:21:24','2013-09-22 23:21:24',NULL,2),(59,'1.1.2','BANCOS',0,'2013-09-22 23:21:24','2013-09-22 23:21:24',NULL,2),(60,'1.1.2.3','GALICIA CA',1,'2013-09-22 23:21:24','2013-09-22 23:21:24',NULL,2),(61,'1.1.2.2','BBVA CA',1,'2013-09-22 23:21:24','2013-09-22 23:21:24',NULL,2),(62,'1.1.2.1','BBVA CTA CTE',1,'2013-09-22 23:21:25','2013-09-22 23:21:25',NULL,2),(63,'1.1.2.4','PROV CA',1,'2013-09-22 23:21:25','2013-09-22 23:21:25',NULL,2),(64,'1.1.3','CREDITOS',0,'2013-09-22 23:21:25','2013-09-22 23:21:25',NULL,2),(65,'1.1.3.1','POR COBRAR',2,'2013-09-22 23:21:25','2013-09-22 23:21:25',NULL,2),(66,'1.1.4','AHORROS',0,'2013-09-22 23:21:25','2013-09-22 23:21:25',NULL,2),(67,'1.1.4.1','CAJA GRIS $',1,'2013-09-22 23:21:25','2013-09-22 23:21:25',NULL,2),(68,'1.1.4.2','CAJA GRIS U$S',1,'2013-09-22 23:21:25','2013-09-22 23:21:25',NULL,2),(69,'1.1.4.3','CAJA GRIS UY',1,'2013-09-22 23:21:25','2013-09-22 23:21:25',NULL,2),(70,'1.1.4.4','CAJA GRIS REAIS',1,'2013-09-22 23:21:25','2013-09-22 23:21:25',NULL,2),(71,'1.2','ACTIVO NO CORRIENTE',0,'2013-09-22 23:21:25','2013-09-22 23:21:25',NULL,2),(72,'1.2.1','BIENES DE USO',0,'2013-09-22 23:21:25','2013-09-22 23:21:25',NULL,2),(73,'1.2.1.1','RODADOS',4,'2013-09-22 23:21:25','2013-09-22 23:21:25',NULL,2),(74,'2','PASIVO',0,'2013-09-22 23:21:26','2013-09-22 23:21:26',NULL,2),(75,'2.1','PASIVO CORRIENTE',0,'2013-09-22 23:21:26','2013-09-22 23:21:26',NULL,2),(76,'2.1.2','DEUDAS',0,'2013-09-22 23:21:26','2013-09-22 23:21:26',NULL,2),(77,'2.1.2.1','BBVA VISA',3,'2013-09-22 23:21:26','2013-09-22 23:21:26',NULL,2),(78,'2.1.2.2','BBVA MASTER',3,'2013-09-22 23:21:26','2013-09-22 23:21:26',NULL,2),(79,'2.1.2.3','GALICIA VISA',3,'2013-09-22 23:21:26','2013-09-22 23:21:26',NULL,2),(80,'2.1.2.4','PROV VISA',3,'2013-09-22 23:21:26','2013-09-22 23:21:26',NULL,2),(81,'2.1.2.5','HSBC VISA',3,'2013-09-22 23:21:26','2013-09-22 23:21:26',NULL,2),(82,'2.1.2.5','SERVICIOS A PAGAR',3,'2013-09-22 23:21:26','2013-09-22 23:21:26',NULL,2),(83,'3','PATRIMONIO',0,'2013-09-22 23:21:26','2013-09-22 23:21:26',NULL,2),(84,'3.1.0.1','CAPITAL',5,'2013-09-22 23:21:26','2013-09-22 23:21:26',NULL,2),(85,'4','INGRESOS',0,'2013-09-22 23:21:27','2013-09-22 23:21:27',NULL,2),(86,'4.1.1.1','SUELDO JOSE',6,'2013-09-22 23:21:27','2013-09-22 23:21:27',NULL,2),(87,'4.1.1.2','SUELDO FLO',6,'2013-09-22 23:21:27','2013-09-22 23:21:27',NULL,2),(88,'4.1.1.3','VET',6,'2013-09-22 23:21:27','2013-09-22 23:21:27',NULL,2),(89,'4.1.1.4','SLOP',6,'2013-09-22 23:21:27','2013-09-22 23:21:27',NULL,2),(90,'4.1.1.5','BENDITO CAMINO',6,'2013-09-22 23:21:27','2013-09-22 23:21:27',NULL,2),(91,'4.1.1.6','REGALOS',6,'2013-09-22 23:21:27','2013-09-22 23:21:27',NULL,2),(92,'5','EGRESOS',0,'2013-09-22 23:21:27','2013-09-22 23:21:27',NULL,2),(93,'5.1','CASA',0,'2013-09-22 23:21:27','2013-09-22 23:21:27',NULL,2),(94,'5.1.1.1','ALQUILER',7,'2013-09-22 23:21:28','2013-09-22 23:21:28',NULL,2),(95,'5.1.1.2','SUPERMERCADO',7,'2013-09-22 23:21:28','2013-09-22 23:21:28',NULL,2),(96,'5.1.1.3','SERVICIOS',7,'2013-09-22 23:21:28','2013-09-22 23:21:28',NULL,2),(97,'5.2','AUTO',0,'2013-09-22 23:21:28','2013-09-22 23:21:28',NULL,2),(98,'5.2.1.1','AUTO',7,'2013-09-22 23:21:28','2013-09-22 23:21:28',NULL,2),(99,'5.3','GENERALES',0,'2013-09-22 23:21:28','2013-09-22 23:21:28',NULL,2),(100,'5.3.1.1','VIAJES',7,'2013-09-22 23:21:28','2013-09-22 23:21:28',NULL,2),(101,'5.3.1.2','REGALOS',7,'2013-09-22 23:21:29','2013-09-22 23:21:29',NULL,2),(102,'5.3.1.3','GENERALES',7,'2013-09-22 23:21:29','2013-09-22 23:21:29',NULL,2),(103,'5.3.1.5','ALMUERZOS',7,'2013-09-22 23:21:29','2013-09-22 23:21:29',NULL,2),(104,'5.3.1.6','EDUCACION',7,'2013-09-22 23:21:29','2013-09-22 23:21:29',NULL,2),(105,'5.3.1.7','EXTRA ORDINARIOS',7,'2013-09-22 23:21:29','2013-09-22 23:21:29',NULL,2),(106,'5.3.1.8','ENTRETENIMIENTO',7,'2013-09-22 23:21:29','2013-09-22 23:21:29',NULL,2),(107,'1','ACTIVO',0,'2013-09-22 23:25:29','2013-09-22 23:25:29',NULL,4),(108,'1.1','ACTIVO CORRIENTE',0,'2013-09-22 23:25:29','2013-09-22 23:25:29',NULL,4),(109,'1.1.1','CAJA',0,'2013-09-22 23:25:29','2013-09-22 23:25:29',NULL,4),(110,'1.1.1.1','CAJA GENERAL $',1,'2013-09-22 23:25:29','2013-09-22 23:25:29',NULL,4),(111,'1.1.2','BANCOS',0,'2013-09-22 23:25:29','2013-09-22 23:25:29',NULL,4),(112,'1.1.2.3','GALICIA CA',1,'2013-09-22 23:25:29','2013-09-22 23:25:29',NULL,4),(113,'1.1.2.2','BBVA CA',1,'2013-09-22 23:25:29','2013-09-22 23:25:29',NULL,4),(114,'1.1.2.1','BBVA CTA CTE',1,'2013-09-22 23:25:29','2013-09-22 23:25:29',NULL,4),(115,'1.1.2.4','PROV CA',1,'2013-09-22 23:25:29','2013-09-22 23:25:29',NULL,4),(116,'1.1.3','CREDITOS',0,'2013-09-22 23:25:29','2013-09-22 23:25:29',NULL,4),(117,'1.1.3.1','POR COBRAR',2,'2013-09-22 23:25:29','2013-09-22 23:25:29',NULL,4),(118,'1.1.4','AHORROS',0,'2013-09-22 23:25:30','2013-09-22 23:25:30',NULL,4),(119,'1.1.4.1','CAJA GRIS $',1,'2013-09-22 23:25:30','2013-09-22 23:25:30',NULL,4),(120,'1.1.4.2','CAJA GRIS U$S',1,'2013-09-22 23:25:30','2013-09-22 23:25:30',NULL,4),(121,'1.1.4.3','CAJA GRIS UY',1,'2013-09-22 23:25:30','2013-09-22 23:25:30',NULL,4),(122,'1.1.4.4','CAJA GRIS REAIS',1,'2013-09-22 23:25:30','2013-09-22 23:25:30',NULL,4),(123,'1.2','ACTIVO NO CORRIENTE',0,'2013-09-22 23:25:30','2013-09-22 23:25:30',NULL,4),(124,'1.2.1','BIENES DE USO',0,'2013-09-22 23:25:30','2013-09-22 23:25:30',NULL,4),(125,'1.2.1.1','RODADOS',4,'2013-09-22 23:25:30','2013-09-22 23:25:30',NULL,4),(126,'2','PASIVO',0,'2013-09-22 23:25:30','2013-09-22 23:25:30',NULL,4),(127,'2.1','PASIVO CORRIENTE',0,'2013-09-22 23:25:30','2013-09-22 23:25:30',NULL,4),(128,'2.1.2','DEUDAS',0,'2013-09-22 23:25:30','2013-09-22 23:25:30',NULL,4),(129,'2.1.2.1','BBVA VISA',3,'2013-09-22 23:25:30','2013-09-22 23:25:30',NULL,4),(130,'2.1.2.2','BBVA MASTER',3,'2013-09-22 23:25:30','2013-09-22 23:25:30',NULL,4),(131,'2.1.2.3','GALICIA VISA',3,'2013-09-22 23:25:30','2013-09-22 23:25:30',NULL,4),(132,'2.1.2.4','PROV VISA',3,'2013-09-22 23:25:31','2013-09-22 23:25:31',NULL,4),(133,'2.1.2.5','HSBC VISA',3,'2013-09-22 23:25:31','2013-09-22 23:25:31',NULL,4),(134,'2.1.2.5','SERVICIOS A PAGAR',3,'2013-09-22 23:25:31','2013-09-22 23:25:31',NULL,4),(135,'3','PATRIMONIO',0,'2013-09-22 23:25:31','2013-09-22 23:25:31',NULL,4),(136,'3.1.0.1','CAPITAL',5,'2013-09-22 23:25:31','2013-09-22 23:25:31',NULL,4),(137,'4','INGRESOS',0,'2013-09-22 23:25:31','2013-09-22 23:25:31',NULL,4),(138,'4.1.1.1','SUELDO JOSE',6,'2013-09-22 23:25:31','2013-09-22 23:25:31',NULL,4),(139,'4.1.1.2','SUELDO FLO',6,'2013-09-22 23:25:31','2013-09-22 23:25:31',NULL,4),(140,'4.1.1.3','VET',6,'2013-09-22 23:25:31','2013-09-22 23:25:31',NULL,4),(141,'4.1.1.4','SLOP',6,'2013-09-22 23:25:31','2013-09-22 23:25:31',NULL,4),(142,'4.1.1.5','BENDITO CAMINO',6,'2013-09-22 23:25:31','2013-09-22 23:25:31',NULL,4),(143,'4.1.1.6','REGALOS',6,'2013-09-22 23:25:31','2013-09-22 23:25:31',NULL,4),(144,'5','EGRESOS',0,'2013-09-22 23:25:31','2013-09-22 23:25:31',NULL,4),(145,'5.1','CASA',0,'2013-09-22 23:25:31','2013-09-22 23:25:31',NULL,4),(146,'5.1.1.1','ALQUILER',7,'2013-09-22 23:25:31','2013-09-22 23:25:31',NULL,4),(147,'5.1.1.2','SUPERMERCADO',7,'2013-09-22 23:25:31','2013-09-22 23:25:31',NULL,4),(148,'5.1.1.3','SERVICIOS',7,'2013-09-22 23:25:31','2013-09-22 23:25:31',NULL,4),(149,'5.2','AUTO',0,'2013-09-22 23:25:31','2013-09-22 23:25:31',NULL,4),(150,'5.2.1.1','AUTO',7,'2013-09-22 23:25:31','2013-09-22 23:25:31',NULL,4),(151,'5.3','GENERALES',0,'2013-09-22 23:25:32','2013-09-22 23:25:32',NULL,4),(152,'5.3.1.1','VIAJES',7,'2013-09-22 23:25:32','2013-09-22 23:25:32',NULL,4),(153,'5.3.1.2','REGALOS',7,'2013-09-22 23:25:32','2013-09-22 23:25:32',NULL,4),(154,'5.3.1.3','GENERALES',7,'2013-09-22 23:25:32','2013-09-22 23:25:32',NULL,4),(155,'5.3.1.5','ALMUERZOS',7,'2013-09-22 23:25:32','2013-09-22 23:25:32',NULL,4),(156,'5.3.1.6','EDUCACION',7,'2013-09-22 23:25:32','2013-09-22 23:25:32',NULL,4),(157,'5.3.1.7','EXTRA ORDINARIOS',7,'2013-09-22 23:25:32','2013-09-22 23:25:32',NULL,4),(158,'5.3.1.8','ENTRETENIMIENTO',7,'2013-09-22 23:25:32','2013-09-22 23:25:32',NULL,4),(211,'1','ACTIVO',0,'2013-09-26 20:23:04','2013-09-26 20:23:04',NULL,5),(212,'1.1','ACTIVO CORRIENTE',0,'2013-09-26 20:23:04','2013-09-26 20:23:04',NULL,5),(213,'1.1.1','CAJA',0,'2013-09-26 20:23:04','2013-09-26 20:23:04',NULL,5),(214,'1.1.1.1','CAJA GENERAL $',1,'2013-09-26 20:23:04','2013-09-26 20:23:04',NULL,5),(215,'1.1.2','BANCOS',0,'2013-09-26 20:23:05','2013-09-26 20:23:05',NULL,5),(216,'1.1.2.3','GALICIA CA',1,'2013-09-26 20:23:05','2013-09-26 20:23:05',NULL,5),(217,'1.1.2.2','BBVA CA',1,'2013-09-26 20:23:05','2013-09-26 20:23:05',NULL,5),(218,'1.1.2.1','BBVA CTA CTE',1,'2013-09-26 20:23:05','2013-09-26 20:23:05',NULL,5),(219,'1.1.2.4','PROV CA',1,'2013-09-26 20:23:05','2013-09-26 20:23:05',NULL,5),(220,'1.1.3','CREDITOS',0,'2013-09-26 20:23:05','2013-09-26 20:23:05',NULL,5),(221,'1.1.3.1','POR COBRAR',2,'2013-09-26 20:23:05','2013-09-26 20:23:05',NULL,5),(222,'1.1.4','AHORROS',0,'2013-09-26 20:23:05','2013-09-26 20:23:05',NULL,5),(223,'1.1.4.1','CAJA GRIS $',1,'2013-09-26 20:23:05','2013-09-26 20:23:05',NULL,5),(224,'1.1.4.2','CAJA GRIS U$S',1,'2013-09-26 20:23:05','2013-09-26 20:23:05',NULL,5),(225,'1.1.4.3','CAJA GRIS UY',1,'2013-09-26 20:23:05','2013-09-26 20:23:05',NULL,5),(226,'1.1.4.4','CAJA GRIS REAIS',1,'2013-09-26 20:23:05','2013-09-26 20:23:05',NULL,5),(227,'1.2','ACTIVO NO CORRIENTE',0,'2013-09-26 20:23:05','2013-09-26 20:23:05',NULL,5),(228,'1.2.1','BIENES DE USO',0,'2013-09-26 20:23:05','2013-09-26 20:23:05',NULL,5),(229,'1.2.1.1','RODADOS',4,'2013-09-26 20:23:06','2013-09-26 20:23:06',NULL,5),(230,'2','PASIVO',0,'2013-09-26 20:23:06','2013-09-26 20:23:06',NULL,5),(231,'2.1','PASIVO CORRIENTE',0,'2013-09-26 20:23:06','2013-09-26 20:23:06',NULL,5),(232,'2.1.2','DEUDAS',0,'2013-09-26 20:23:06','2013-09-26 20:23:06',NULL,5),(233,'2.1.2.1','BBVA VISA',3,'2013-09-26 20:23:06','2013-09-26 20:23:06',NULL,5),(234,'2.1.2.2','BBVA MASTER',3,'2013-09-26 20:23:06','2013-09-26 20:23:06',NULL,5),(235,'2.1.2.3','GALICIA VISA',3,'2013-09-26 20:23:06','2013-09-26 20:23:06',NULL,5),(236,'2.1.2.4','PROV VISA',3,'2013-09-26 20:23:06','2013-09-26 20:23:06',NULL,5),(237,'2.1.2.5','HSBC VISA',3,'2013-09-26 20:23:06','2013-09-26 20:23:06',NULL,5),(238,'2.1.2.5','SERVICIOS A PAGAR',3,'2013-09-26 20:23:06','2013-09-26 20:23:06',NULL,5),(239,'3','PATRIMONIO',0,'2013-09-26 20:23:06','2013-09-26 20:23:06',NULL,5),(240,'3.1.0.1','CAPITAL',5,'2013-09-26 20:23:06','2013-09-26 20:23:06',NULL,5),(241,'4','INGRESOS',0,'2013-09-26 20:23:06','2013-09-26 20:23:06',NULL,5),(242,'4.1.1.1','SUELDO JOSE',6,'2013-09-26 20:23:06','2013-09-26 20:23:06',NULL,5),(243,'4.1.1.2','SUELDO FLO',6,'2013-09-26 20:23:06','2013-09-26 20:23:06',NULL,5),(244,'4.1.1.3','VET',6,'2013-09-26 20:23:06','2013-09-26 20:23:06',NULL,5),(245,'4.1.1.4','SLOP',6,'2013-09-26 20:23:06','2013-09-26 20:23:06',NULL,5),(246,'4.1.1.5','BENDITO CAMINO',6,'2013-09-26 20:23:06','2013-09-26 20:23:06',NULL,5),(247,'4.1.1.6','REGALOS',6,'2013-09-26 20:23:07','2013-09-26 20:23:07',NULL,5),(248,'5','EGRESOS',0,'2013-09-26 20:23:07','2013-09-26 20:23:07',NULL,5),(249,'5.1','CASA',0,'2013-09-26 20:23:07','2013-09-26 20:23:07',NULL,5),(250,'5.1.1.1','ALQUILER',7,'2013-09-26 20:23:07','2013-09-26 20:23:07',NULL,5),(251,'5.1.1.2','SUPERMERCADO',7,'2013-09-26 20:23:07','2013-09-26 20:23:07',NULL,5),(252,'5.1.1.3','SERVICIOS',7,'2013-09-26 20:23:07','2013-09-26 20:23:07',NULL,5),(253,'5.2','AUTO',0,'2013-09-26 20:23:07','2013-09-26 20:23:07',NULL,5),(254,'5.2.1.1','AUTO',7,'2013-09-26 20:23:07','2013-09-26 20:23:07',NULL,5),(255,'5.3','GENERALES',0,'2013-09-26 20:23:07','2013-09-26 20:23:07',NULL,5),(256,'5.3.1.1','VIAJES',7,'2013-09-26 20:23:07','2013-09-26 20:23:07',NULL,5),(257,'5.3.1.2','REGALOS',7,'2013-09-26 20:23:07','2013-09-26 20:23:07',NULL,5),(258,'5.3.1.3','GENERALES',7,'2013-09-26 20:23:07','2013-09-26 20:23:07',NULL,5),(259,'5.3.1.5','ALMUERZOS',7,'2013-09-26 20:23:07','2013-09-26 20:23:07',NULL,5),(260,'5.3.1.6','EDUCACION',7,'2013-09-26 20:23:07','2013-09-26 20:23:07',NULL,5),(261,'5.3.1.7','EXTRA ORDINARIOS',7,'2013-09-26 20:23:07','2013-09-26 20:23:07',NULL,5),(262,'5.3.1.8','ENTRETENIMIENTO',7,'2013-09-26 20:23:07','2013-09-26 20:23:07',NULL,5);
/*!40000 ALTER TABLE `cuentas` ENABLE KEYS */;
UNLOCK TABLES;

--
-- Table structure for table `asientos`
--

DROP TABLE IF EXISTS `asientos`;
/*!40101 SET @saved_cs_client     = @@character_set_client */;
/*!40101 SET character_set_client = utf8 */;
CREATE TABLE `asientos` (
  `id` int(11) NOT NULL AUTO_INCREMENT,
  `fecha` date DEFAULT NULL,
  `debe` decimal(12,2) DEFAULT NULL,
  `haber` decimal(12,2) DEFAULT NULL,
  `cuenta_id` int(11) DEFAULT NULL,
  `transaccion_id` int(11) DEFAULT NULL,
  `cuota_id` int(11) DEFAULT NULL,
  `created_at` datetime DEFAULT NULL,
  `updated_at` datetime DEFAULT NULL,
  `desc` text COLLATE utf8_unicode_ci,
  `empresa_id` int(11) DEFAULT NULL,
  PRIMARY KEY (`id`),
  KEY `index_asientos_on_transaccion_id` (`transaccion_id`),
  KEY `index_asientos_on_cuota_id` (`cuota_id`),
  KEY `index_asientos_on_empresa_id` (`empresa_id`)
) ENGINE=InnoDB AUTO_INCREMENT=763 DEFAULT CHARSET=utf8 COLLATE=utf8_unicode_ci;
/*!40101 SET character_set_client = @saved_cs_client */;

--
-- Dumping data for table `asientos`
--

LOCK TABLES `asientos` WRITE;
/*!40000 ALTER TABLE `asientos` DISABLE KEYS */;
INSERT INTO `asientos` VALUES (690,'2013-09-27',NULL,1500.00,238,134,NULL,'2013-09-27 18:35:17','2013-09-27 18:35:17','CUOTA: 1 (Porbando cierre\r\n)',5),(691,'2013-10-27',NULL,1500.00,238,134,NULL,'2013-09-27 18:35:17','2013-09-27 18:35:17','CUOTA: 2 (Porbando cierre\r\n)',5),(692,'2013-09-27',3000.00,NULL,250,134,NULL,'2013-09-27 18:35:17','2013-09-27 18:35:17','TRANSACCIÓN: 134 (Porbando cierre\r\n)',5),(693,'2013-09-27',NULL,1500.00,237,135,NULL,'2013-09-27 18:35:45','2013-09-27 18:35:45','CUOTA: 1 (dsadasd)',5),(694,'2013-09-27',1500.00,NULL,238,135,NULL,'2013-09-27 18:35:45','2013-09-27 18:35:45','TRANSACCIÓN: 135 (dsadasd)',5),(695,'2013-09-27',NULL,750.00,236,136,NULL,'2013-09-27 18:40:51','2013-09-27 18:40:51','CUOTA: 1 (dsadasda)',5),(696,'2013-10-27',NULL,750.00,236,136,NULL,'2013-09-27 18:40:51','2013-09-27 18:40:51','CUOTA: 2 (dsadasda)',5),(697,'2013-09-27',1500.00,NULL,237,136,NULL,'2013-09-27 18:40:51','2013-09-27 18:40:51','TRANSACCIÓN: 136 (dsadasda)',5),(698,'2013-09-27',NULL,500.00,237,137,NULL,'2013-09-27 18:41:30','2013-09-27 18:41:30','CUOTA: 1 (kjkjkjh)',5),(699,'2013-10-27',NULL,500.00,237,137,NULL,'2013-09-27 18:41:30','2013-09-27 18:41:30','CUOTA: 2 (kjkjkjh)',5),(700,'2013-11-27',NULL,500.00,237,137,NULL,'2013-09-27 18:41:30','2013-09-27 18:41:30','CUOTA: 3 (kjkjkjh)',5),(701,'2013-09-27',1500.00,NULL,238,137,NULL,'2013-09-27 18:41:30','2013-09-27 18:41:30','TRANSACCIÓN: 137 (kjkjkjh)',5),(702,'2013-09-27',NULL,250.00,233,138,NULL,'2013-09-27 19:08:12','2013-09-27 19:08:12','CUOTA: 1 (Probando)',5),(703,'2013-10-27',NULL,250.00,233,138,NULL,'2013-09-27 19:08:12','2013-09-27 19:08:12','CUOTA: 2 (Probando)',5),(704,'2013-11-27',NULL,250.00,233,138,NULL,'2013-09-27 19:08:12','2013-09-27 19:08:12','CUOTA: 3 (Probando)',5),(705,'2013-12-27',NULL,250.00,233,138,NULL,'2013-09-27 19:08:12','2013-09-27 19:08:12','CUOTA: 4 (Probando)',5),(706,'2013-09-27',1000.00,NULL,251,138,NULL,'2013-09-27 19:08:13','2013-09-27 19:08:13','TRANSACCIÓN: 138 (Probando)',5),(713,'2013-09-27',NULL,62.50,237,139,NULL,'2013-09-27 19:09:10','2013-09-27 19:09:10','CUOTA: 1 (prbandoooo)',5),(714,'2013-10-27',NULL,62.50,237,139,NULL,'2013-09-27 19:09:10','2013-09-27 19:09:10','CUOTA: 2 (prbandoooo)',5),(715,'2013-11-27',NULL,62.50,237,139,NULL,'2013-09-27 19:09:10','2013-09-27 19:09:10','CUOTA: 3 (prbandoooo)',5),(716,'2013-12-27',NULL,62.50,237,139,NULL,'2013-09-27 19:09:10','2013-09-27 19:09:10','CUOTA: 4 (prbandoooo)',5),(717,'2013-09-27',250.00,NULL,233,139,NULL,'2013-09-27 19:09:11','2013-09-27 19:09:11','TRANSACCIÓN: 139 (prbandoooo)',5),(718,'2013-09-27',1000.00,NULL,233,140,NULL,'2013-09-27 21:36:05','2013-09-27 21:36:05','TRANSACCIÓN: 140 (adelanto de tarjeta)',5),(719,'2013-09-27',NULL,1000.00,214,140,NULL,'2013-09-27 21:36:05','2013-09-27 21:36:05','TRANSACCIÓN: 140 (adelanto de tarjeta)',5),(720,'2013-09-27',NULL,100.00,234,141,NULL,'2013-09-27 22:53:33','2013-09-27 22:53:33','CUOTA: 1 (Cuotas del super)',5),(721,'2013-10-27',NULL,100.00,234,141,NULL,'2013-09-27 22:53:33','2013-09-27 22:53:33','CUOTA: 2 (Cuotas del super)',5),(722,'2013-11-27',NULL,100.00,234,141,NULL,'2013-09-27 22:53:33','2013-09-27 22:53:33','CUOTA: 3 (Cuotas del super)',5),(723,'2013-12-27',NULL,100.00,234,141,NULL,'2013-09-27 22:53:33','2013-09-27 22:53:33','CUOTA: 4 (Cuotas del super)',5),(724,'2014-01-27',NULL,100.00,234,141,NULL,'2013-09-27 22:53:33','2013-09-27 22:53:33','CUOTA: 5 (Cuotas del super)',5),(725,'2013-09-27',500.00,NULL,251,141,NULL,'2013-09-27 22:53:33','2013-09-27 22:53:33','TRANSACCIÓN: 141 (Cuotas del super)',5),(726,'2013-09-27',300.00,NULL,234,142,NULL,'2013-09-27 22:53:53','2013-09-27 22:53:53','TRANSACCIÓN: 142 (adelanto de tarjeta)',5),(727,'2013-09-27',NULL,300.00,214,142,NULL,'2013-09-27 22:53:53','2013-09-27 22:53:53','TRANSACCIÓN: 142 (adelanto de tarjeta)',5),(728,'2013-09-27',NULL,37.50,233,143,NULL,'2013-09-27 23:04:32','2013-09-27 23:04:32','CUOTA: 1 (jejejej)',5),(729,'2013-10-27',NULL,37.50,233,143,NULL,'2013-09-27 23:04:32','2013-09-27 23:04:32','CUOTA: 2 (jejejej)',5),(730,'2013-11-27',NULL,37.50,233,143,NULL,'2013-09-27 23:04:33','2013-09-27 23:04:33','CUOTA: 3 (jejejej)',5),(731,'2013-12-27',NULL,37.50,233,143,NULL,'2013-09-27 23:04:33','2013-09-27 23:04:33','CUOTA: 4 (jejejej)',5),(732,'2014-01-27',NULL,37.50,233,143,NULL,'2013-09-27 23:04:33','2013-09-27 23:04:33','CUOTA: 5 (jejejej)',5),(733,'2014-02-27',NULL,37.50,233,143,NULL,'2013-09-27 23:04:33','2013-09-27 23:04:33','CUOTA: 6 (jejejej)',5),(734,'2014-03-27',NULL,37.50,233,143,NULL,'2013-09-27 23:04:33','2013-09-27 23:04:33','CUOTA: 7 (jejejej)',5),(735,'2014-04-27',NULL,37.50,233,143,NULL,'2013-09-27 23:04:33','2013-09-27 23:04:33','CUOTA: 8 (jejejej)',5),(736,'2014-05-27',NULL,37.50,233,143,NULL,'2013-09-27 23:04:33','2013-09-27 23:04:33','CUOTA: 9 (jejejej)',5),(737,'2014-06-27',NULL,37.50,233,143,NULL,'2013-09-27 23:04:33','2013-09-27 23:04:33','CUOTA: 10 (jejejej)',5),(738,'2014-07-27',NULL,37.50,233,143,NULL,'2013-09-27 23:04:33','2013-09-27 23:04:33','CUOTA: 11 (jejejej)',5),(739,'2014-08-27',NULL,37.50,233,143,NULL,'2013-09-27 23:04:33','2013-09-27 23:04:33','CUOTA: 12 (jejejej)',5),(740,'2014-09-27',NULL,37.50,233,143,NULL,'2013-09-27 23:04:33','2013-09-27 23:04:33','CUOTA: 13 (jejejej)',5),(741,'2014-10-27',NULL,37.50,233,143,NULL,'2013-09-27 23:04:33','2013-09-27 23:04:33','CUOTA: 14 (jejejej)',5),(742,'2014-11-27',NULL,37.50,233,143,NULL,'2013-09-27 23:04:33','2013-09-27 23:04:33','CUOTA: 15 (jejejej)',5),(743,'2014-12-27',NULL,37.50,233,143,NULL,'2013-09-27 23:04:34','2013-09-27 23:04:34','CUOTA: 16 (jejejej)',5),(744,'2015-01-27',NULL,37.50,233,143,NULL,'2013-09-27 23:04:34','2013-09-27 23:04:34','CUOTA: 17 (jejejej)',5),(745,'2015-02-27',NULL,37.50,233,143,NULL,'2013-09-27 23:04:34','2013-09-27 23:04:34','CUOTA: 18 (jejejej)',5),(746,'2015-03-27',NULL,37.50,233,143,NULL,'2013-09-27 23:04:34','2013-09-27 23:04:34','CUOTA: 19 (jejejej)',5),(747,'2015-04-27',NULL,37.50,233,143,NULL,'2013-09-27 23:04:34','2013-09-27 23:04:34','CUOTA: 20 (jejejej)',5),(748,'2013-09-27',750.00,NULL,251,143,NULL,'2013-09-27 23:04:34','2013-09-27 23:04:34','TRANSACCIÓN: 143 (jejejej)',5),(749,'2013-09-27',400.00,NULL,233,144,NULL,'2013-09-27 23:34:14','2013-09-27 23:34:14','TRANSACCIÓN: 144 (cargar saldo)',5),(750,'2013-09-27',NULL,400.00,214,144,NULL,'2013-09-27 23:34:14','2013-09-27 23:34:14','TRANSACCIÓN: 144 (cargar saldo)',5),(751,'2013-10-15',1899.99,NULL,251,145,NULL,'2013-09-29 15:59:33','2013-09-29 15:59:33','TRANSACCIÓN: 145 (weqwe)',5),(752,'2013-10-15',NULL,1899.99,217,145,NULL,'2013-09-29 15:59:33','2013-09-29 15:59:33','TRANSACCIÓN: 145 (weqwe)',5),(753,'2013-09-30',15.00,NULL,250,146,NULL,'2013-09-29 16:59:06','2013-09-29 16:59:06','TRANSACCIÓN: 146 (dasdas)',5),(754,'2013-09-30',NULL,15.00,214,146,NULL,'2013-09-29 16:59:06','2013-09-29 16:59:06','TRANSACCIÓN: 146 (dasdas)',5),(755,'2013-09-29',NULL,3100.00,29,147,NULL,'2013-09-29 17:43:40','2013-09-29 17:43:40','CUOTA: 1 (alq)',6),(756,'2013-09-29',3100.00,NULL,41,147,NULL,'2013-09-29 17:43:40','2013-09-29 17:43:40','RESULTADO X CUOTA: 1 (alq)',6),(757,'2013-10-29',NULL,3100.00,29,147,NULL,'2013-09-29 17:43:40','2013-09-29 17:43:40','CUOTA: 2 (alq)',6),(758,'2013-10-29',3100.00,NULL,41,147,NULL,'2013-09-29 17:43:40','2013-09-29 17:43:40','RESULTADO X CUOTA: 2 (alq)',6),(759,'2013-11-29',NULL,3100.00,29,147,NULL,'2013-09-29 17:43:40','2013-09-29 17:43:40','CUOTA: 3 (alq)',6),(760,'2013-11-29',3100.00,NULL,41,147,NULL,'2013-09-29 17:43:41','2013-09-29 17:43:41','RESULTADO X CUOTA: 3 (alq)',6),(761,'2013-09-29',NULL,3100.00,24,148,NULL,'2013-09-29 17:44:33','2013-09-29 17:44:33','CUOTA: 1 (eddq)',6),(762,'2013-09-29',3100.00,NULL,29,148,NULL,'2013-09-29 17:44:33','2013-09-29 17:44:33','TRANSACCIÓN: 148 (eddq)',6);
/*!40000 ALTER TABLE `asientos` ENABLE KEYS */;
UNLOCK TABLES;

--
-- Table structure for table `estado_accions`
--

DROP TABLE IF EXISTS `estado_accions`;
/*!40101 SET @saved_cs_client     = @@character_set_client */;
/*!40101 SET character_set_client = utf8 */;
CREATE TABLE `estado_accions` (
  `id` int(11) NOT NULL AUTO_INCREMENT,
  `estado_id` int(11) DEFAULT NULL,
  `tipo_acc_id` int(11) DEFAULT NULL,
  `codigo` int(11) DEFAULT NULL,
  `created_at` datetime NOT NULL,
  `updated_at` datetime NOT NULL,
  PRIMARY KEY (`id`),
  KEY `index_estado_accions_on_estado_id` (`estado_id`),
  KEY `index_estado_accions_on_tipo_acc_id` (`tipo_acc_id`)
) ENGINE=InnoDB AUTO_INCREMENT=107 DEFAULT CHARSET=utf8 COLLATE=utf8_unicode_ci;
/*!40101 SET character_set_client = @saved_cs_client */;

--
-- Dumping data for table `estado_accions`
--

LOCK TABLES `estado_accions` WRITE;
/*!40000 ALTER TABLE `estado_accions` DISABLE KEYS */;
INSERT INTO `estado_accions` VALUES (1,1,1,2,'2013-04-02 15:33:45','2013-04-02 15:33:45'),(2,2,1,2,'2013-04-02 15:33:45','2013-04-02 15:33:45'),(3,3,1,2,'2013-04-02 15:33:45','2013-04-02 15:33:45'),(4,4,1,2,'2013-04-02 15:33:45','2013-04-02 15:33:45'),(5,5,1,2,'2013-04-02 15:33:45','2013-04-02 15:33:45'),(6,6,1,2,'2013-04-02 15:33:45','2013-04-02 15:33:45'),(7,7,1,2,'2013-04-02 15:33:45','2013-04-02 15:33:45'),(8,8,1,2,'2013-04-02 15:33:45','2013-04-02 15:33:45'),(9,6,2,2,'2013-04-02 15:34:03','2013-04-02 15:34:03'),(10,2,2,1,'2013-04-02 15:34:03','2013-04-02 15:34:03'),(11,4,3,2,'2013-04-02 15:34:20','2013-04-02 15:34:20'),(12,1,4,2,'2013-04-02 15:34:29','2013-04-02 15:34:29'),(13,2,4,2,'2013-04-02 15:34:29','2013-04-02 15:34:29'),(14,3,4,2,'2013-04-02 15:34:29','2013-04-02 15:34:29'),(15,4,4,2,'2013-04-02 15:34:29','2013-04-02 15:34:29'),(16,5,4,2,'2013-04-02 15:34:29','2013-04-02 15:34:29'),(17,6,4,2,'2013-04-02 15:34:29','2013-04-02 15:34:29'),(18,7,4,2,'2013-04-02 15:34:29','2013-04-02 15:34:29'),(19,8,4,2,'2013-04-02 15:34:30','2013-04-02 15:34:30'),(20,2,5,2,'2013-04-02 15:35:05','2013-04-02 15:35:05'),(21,3,5,2,'2013-04-02 15:35:05','2013-04-02 15:35:05'),(22,1,5,1,'2013-04-02 15:35:05','2013-04-02 15:35:05'),(23,7,6,2,'2013-04-02 15:35:23','2013-04-02 15:35:23'),(24,6,6,1,'2013-04-02 15:35:23','2013-04-02 15:35:23'),(25,8,7,2,'2013-04-02 15:35:40','2013-04-02 15:35:40'),(26,7,7,1,'2013-04-02 15:35:40','2013-04-02 15:35:40'),(27,1,8,3,'2013-04-03 03:24:01','2013-04-03 03:24:01'),(28,2,8,3,'2013-04-03 03:24:01','2013-04-03 03:24:01'),(29,3,8,3,'2013-04-03 03:24:01','2013-04-03 03:24:01'),(30,4,8,3,'2013-04-03 03:24:01','2013-04-03 03:24:01'),(31,5,8,3,'2013-04-03 03:24:01','2013-04-03 03:24:01'),(32,6,8,3,'2013-04-03 03:24:01','2013-04-03 03:24:01'),(33,7,8,3,'2013-04-03 03:24:01','2013-04-03 03:24:01'),(34,8,8,3,'2013-04-03 03:24:01','2013-04-03 03:24:01'),(35,1,9,2,'2013-04-10 21:01:32','2013-04-10 21:01:32'),(36,2,9,2,'2013-04-10 21:01:32','2013-04-10 21:01:32'),(37,3,9,2,'2013-04-10 21:01:32','2013-04-10 21:01:32'),(38,4,9,2,'2013-04-10 21:01:32','2013-04-10 21:01:32'),(39,5,9,2,'2013-04-10 21:01:32','2013-04-10 21:01:32'),(40,6,9,2,'2013-04-10 21:01:32','2013-04-10 21:01:32'),(41,7,9,2,'2013-04-10 21:01:32','2013-04-10 21:01:32'),(42,8,9,2,'2013-04-10 21:01:32','2013-04-10 21:01:32'),(43,1,10,2,'2013-04-10 21:02:37','2013-04-10 21:02:37'),(44,2,10,2,'2013-04-10 21:02:37','2013-04-10 21:02:37'),(45,3,10,2,'2013-04-10 21:02:37','2013-04-10 21:02:37'),(46,4,10,2,'2013-04-10 21:02:37','2013-04-10 21:02:37'),(47,5,10,2,'2013-04-10 21:02:37','2013-04-10 21:02:37'),(48,6,10,2,'2013-04-10 21:02:37','2013-04-10 21:02:37'),(49,7,10,2,'2013-04-10 21:02:37','2013-04-10 21:02:37'),(50,8,10,2,'2013-04-10 21:02:37','2013-04-10 21:02:37'),(51,1,11,2,'2013-04-10 21:03:32','2013-04-10 21:03:32'),(52,2,11,2,'2013-04-10 21:03:32','2013-04-10 21:03:32'),(53,3,11,2,'2013-04-10 21:03:32','2013-04-10 21:03:32'),(54,4,11,2,'2013-04-10 21:03:32','2013-04-10 21:03:32'),(55,5,11,2,'2013-04-10 21:03:32','2013-04-10 21:03:32'),(56,6,11,2,'2013-04-10 21:03:32','2013-04-10 21:03:32'),(57,7,11,2,'2013-04-10 21:03:32','2013-04-10 21:03:32'),(58,8,11,2,'2013-04-10 21:03:32','2013-04-10 21:03:32'),(59,1,12,2,'2013-04-10 21:03:53','2013-04-10 21:03:53'),(60,2,12,2,'2013-04-10 21:03:53','2013-04-10 21:03:53'),(61,3,12,2,'2013-04-10 21:03:53','2013-04-10 21:03:53'),(62,4,12,2,'2013-04-10 21:03:53','2013-04-10 21:03:53'),(63,5,12,2,'2013-04-10 21:03:53','2013-04-10 21:03:53'),(64,6,12,2,'2013-04-10 21:03:53','2013-04-10 21:03:53'),(65,7,12,2,'2013-04-10 21:03:53','2013-04-10 21:03:53'),(66,8,12,2,'2013-04-10 21:03:53','2013-04-10 21:03:53'),(67,1,13,2,'2013-04-10 21:04:32','2013-04-10 21:04:32'),(68,2,13,2,'2013-04-10 21:04:32','2013-04-10 21:04:32'),(69,3,13,2,'2013-04-10 21:04:32','2013-04-10 21:04:32'),(70,4,13,2,'2013-04-10 21:04:32','2013-04-10 21:04:32'),(71,5,13,2,'2013-04-10 21:04:32','2013-04-10 21:04:32'),(72,6,13,2,'2013-04-10 21:04:32','2013-04-10 21:04:32'),(73,7,13,2,'2013-04-10 21:04:32','2013-04-10 21:04:32'),(74,8,13,2,'2013-04-10 21:04:32','2013-04-10 21:04:32'),(75,9,8,3,'2013-04-13 20:05:14','2013-04-13 20:05:14'),(76,10,8,3,'2013-04-13 20:05:14','2013-04-13 20:05:14'),(77,9,13,2,'2013-04-13 20:05:21','2013-04-13 20:05:21'),(78,10,13,2,'2013-04-13 20:05:21','2013-04-13 20:05:21'),(79,9,12,2,'2013-04-13 20:05:27','2013-04-13 20:05:27'),(80,10,12,2,'2013-04-13 20:05:27','2013-04-13 20:05:27'),(81,9,4,2,'2013-04-13 20:05:33','2013-04-13 20:05:33'),(82,10,4,2,'2013-04-13 20:05:33','2013-04-13 20:05:33'),(83,9,9,2,'2013-04-13 20:05:42','2013-04-13 20:05:42'),(84,10,9,2,'2013-04-13 20:05:42','2013-04-13 20:05:42'),(85,9,1,2,'2013-04-13 20:05:49','2013-04-13 20:05:49'),(86,10,1,2,'2013-04-13 20:05:49','2013-04-13 20:05:49'),(87,11,5,2,'2013-07-26 22:01:05','2013-07-26 22:01:05'),(88,11,12,2,'2013-07-31 22:46:24','2013-07-31 22:46:24'),(89,11,13,2,'2013-07-31 23:36:00','2013-07-31 23:36:00'),(90,11,4,2,'2013-07-31 23:36:11','2013-07-31 23:36:11'),(91,11,9,2,'2013-07-31 23:36:18','2013-07-31 23:36:18'),(92,11,1,2,'2013-07-31 23:36:28','2013-07-31 23:36:28'),(94,11,10,2,'2013-07-31 23:36:42','2013-07-31 23:36:42'),(95,9,11,2,'2013-07-31 23:36:56','2013-07-31 23:36:56'),(96,10,11,2,'2013-07-31 23:36:56','2013-07-31 23:36:56'),(97,11,11,2,'2013-07-31 23:36:56','2013-07-31 23:36:56'),(98,11,8,3,'2013-07-31 23:37:03','2013-07-31 23:37:03'),(99,12,13,2,'2013-08-01 00:24:05','2013-08-01 00:24:05'),(100,12,12,2,'2013-08-01 00:24:12','2013-08-01 00:24:12'),(101,12,4,2,'2013-08-01 00:24:17','2013-08-01 00:24:17'),(102,12,9,2,'2013-08-01 00:24:22','2013-08-01 00:24:22'),(103,12,1,2,'2013-08-01 00:24:32','2013-08-01 00:24:32'),(104,12,11,2,'2013-08-01 00:24:37','2013-08-01 00:24:37'),(105,12,8,3,'2013-08-01 00:24:44','2013-08-01 00:24:44'),(106,11,2,1,'2013-08-01 03:25:05','2013-08-01 03:25:05');
/*!40000 ALTER TABLE `estado_accions` ENABLE KEYS */;
UNLOCK TABLES;

--
-- Table structure for table `rodeos`
--

DROP TABLE IF EXISTS `rodeos`;
/*!40101 SET @saved_cs_client     = @@character_set_client */;
/*!40101 SET character_set_client = utf8 */;
CREATE TABLE `rodeos` (
  `id` int(11) NOT NULL AUTO_INCREMENT,
  `nombre` varchar(255) COLLATE utf8_unicode_ci DEFAULT NULL,
  `desc` varchar(255) COLLATE utf8_unicode_ci DEFAULT NULL,
  `created_at` datetime NOT NULL,
  `updated_at` datetime NOT NULL,
  PRIMARY KEY (`id`)
) ENGINE=InnoDB AUTO_INCREMENT=3 DEFAULT CHARSET=utf8 COLLATE=utf8_unicode_ci;
/*!40101 SET character_set_client = @saved_cs_client */;

--
-- Dumping data for table `rodeos`
--

LOCK TABLES `rodeos` WRITE;
/*!40000 ALTER TABLE `rodeos` DISABLE KEYS */;
INSERT INTO `rodeos` VALUES (1,'RODEO 1','','2013-04-02 15:37:08','2013-04-02 15:37:08'),(2,'RODEO 2','','2013-04-13 21:00:48','2013-04-13 21:01:01');
/*!40000 ALTER TABLE `rodeos` ENABLE KEYS */;
UNLOCK TABLES;

--
-- Table structure for table `movimientos`
--

DROP TABLE IF EXISTS `movimientos`;
/*!40101 SET @saved_cs_client     = @@character_set_client */;
/*!40101 SET character_set_client = utf8 */;
CREATE TABLE `movimientos` (
  `id` int(11) NOT NULL AUTO_INCREMENT,
  `fecha` date DEFAULT NULL,
  `desc` varchar(255) COLLATE utf8_unicode_ci DEFAULT NULL,
  `estado_id` int(11) DEFAULT NULL,
  `rodeo_id` int(11) DEFAULT NULL,
  `category_id` int(11) DEFAULT NULL,
  `created_at` datetime NOT NULL,
  `updated_at` datetime NOT NULL,
  `user_id` int(11) DEFAULT NULL,
  `cantidad` int(11) DEFAULT NULL,
  `kilos` int(11) DEFAULT NULL,
  `tipo_acc_id` int(11) DEFAULT NULL,
  `origen_id` int(11) DEFAULT NULL,
  `establecimiento_id` int(11) DEFAULT NULL,
  `empresa_id` int(11) DEFAULT NULL,
  PRIMARY KEY (`id`),
  KEY `index_movimientos_on_category_id` (`category_id`),
  KEY `index_movimientos_on_estado_id` (`estado_id`),
  KEY `index_movimientos_on_rodeo_id` (`rodeo_id`),
  KEY `index_movimientos_on_tipo_acc_id` (`tipo_acc_id`),
  KEY `index_movimientos_on_user_id` (`user_id`),
  KEY `index_movimientos_on_origen_id` (`origen_id`),
  KEY `index_movimientos_on_establecimiento_id` (`establecimiento_id`),
  KEY `index_movimientos_on_empresa_id` (`empresa_id`)
) ENGINE=InnoDB AUTO_INCREMENT=216 DEFAULT CHARSET=utf8 COLLATE=utf8_unicode_ci;
/*!40101 SET character_set_client = @saved_cs_client */;

--
-- Dumping data for table `movimientos`
--

LOCK TABLES `movimientos` WRITE;
/*!40000 ALTER TABLE `movimientos` DISABLE KEYS */;
INSERT INTO `movimientos` VALUES (167,'2013-04-01','LOTE 1 SALDO INICIAL',1,1,1,'2013-07-26 21:54:16','2013-07-26 21:54:16',NULL,128,450,1,NULL,10,2),(168,'2013-04-01','LOTE 2 SALDO INICIAL',1,1,1,'2013-07-26 21:54:46','2013-07-26 21:54:46',NULL,83,450,1,NULL,10,2),(169,'2013-04-01','SALDO INICIAL',1,2,2,'2013-07-26 21:55:31','2013-07-26 21:56:05',NULL,27,400,1,NULL,10,2),(170,'2013-04-01','SALDO INCIAL',1,2,6,'2013-07-26 21:55:56','2013-07-26 21:56:13',NULL,31,320,1,NULL,10,2),(171,'2013-04-15','LOTE 1',2,1,1,'2013-07-26 22:00:33','2013-07-26 22:00:33',NULL,110,450,5,NULL,10,2),(172,'2013-04-15','LOTE 1 PREÑADA VJ PARA VENTA',11,1,1,'2013-07-26 22:02:00','2013-07-26 22:02:12',NULL,6,450,5,NULL,10,2),(173,'2013-04-15','LOTE 2',2,1,1,'2013-07-26 22:03:14','2013-07-26 22:03:14',NULL,66,450,5,NULL,10,2),(174,'2013-04-15','LOTE 2 PREÑADA VJ PARA VENTA',11,1,1,'2013-07-26 22:03:38','2013-07-26 22:03:38',NULL,5,450,5,NULL,10,2),(175,'2013-04-15','LOTE 1',3,1,1,'2013-07-26 22:03:59','2013-07-26 22:04:25',NULL,12,450,5,NULL,10,2),(176,'2013-04-15','LOTE 2\r\n',3,1,1,'2013-07-26 22:04:19','2013-07-26 22:04:19',NULL,12,450,5,NULL,10,2),(177,'2013-04-15','',2,2,2,'2013-07-26 22:05:02','2013-07-26 22:05:02',NULL,23,400,5,NULL,10,2),(178,'2013-04-15','',3,2,2,'2013-07-26 22:05:31','2013-07-26 22:06:48',NULL,4,400,5,NULL,10,2),(179,'2013-04-15','',2,2,6,'2013-07-26 22:06:10','2013-07-26 22:06:10',NULL,19,320,5,NULL,10,2),(180,'2013-04-15','REPO',3,2,6,'2013-07-26 22:06:35','2013-07-26 22:06:35',NULL,11,320,5,NULL,10,2),(182,'2013-06-06','VACA VACIA',3,1,1,'2013-07-31 22:38:33','2013-07-31 22:38:33',NULL,11,NULL,12,NULL,10,2),(183,'2013-06-01','VACAS DE CHIQUITO',2,1,1,'2013-07-31 22:39:17','2013-07-31 22:39:17',NULL,7,NULL,9,NULL,10,2),(184,'2013-06-01','VACA DE CHIQUITO',3,1,1,'2013-07-31 22:39:38','2013-07-31 22:39:38',NULL,1,NULL,9,NULL,10,2),(185,'2013-06-06','',2,1,1,'2013-07-31 22:43:27','2013-07-31 22:43:27',NULL,3,NULL,12,NULL,10,2),(186,'2013-06-06','VENTA REMATE DE LALOR',11,1,1,'2013-07-31 22:46:51','2013-07-31 22:50:19',NULL,11,NULL,12,NULL,10,2),(187,'2013-04-01','HAY TERNERAS DE FELA Y ALFREDO',12,2,3,'2013-08-01 00:25:43','2013-08-01 00:25:43',NULL,72,280,1,NULL,10,2),(188,'2013-04-01','TERNERAS DE LOS LOPEZ',12,2,8,'2013-08-01 00:27:22','2013-08-01 00:27:52',NULL,3,280,1,NULL,10,2),(193,'2013-07-20','2 NEGROS\r\n2 COLORADOS',6,1,9,'2013-08-01 03:56:29','2013-08-01 03:57:02',NULL,4,50,2,NULL,10,2),(194,'2013-07-20',NULL,4,1,1,'2013-08-01 03:56:29','2013-08-01 03:56:29',NULL,4,NULL,3,NULL,10,2),(195,'2013-08-03','',2,1,1,'2013-08-03 14:40:10','2013-08-03 14:40:10',NULL,1,NULL,4,NULL,10,2),(196,'2013-08-10','',2,1,1,'2013-08-03 14:45:15','2013-08-03 14:45:25',NULL,1,NULL,4,NULL,10,2),(197,'2013-08-03','',2,1,1,'2013-08-03 14:45:48','2013-08-03 14:45:48',NULL,1,NULL,4,NULL,10,2),(198,'2013-08-03','',2,1,1,'2013-08-03 14:48:18','2013-08-03 14:48:18',NULL,1,NULL,4,NULL,10,2),(199,'2013-08-03','',2,1,1,'2013-08-03 15:28:35','2013-08-03 15:28:35',NULL,1,NULL,4,NULL,10,2),(200,'2013-08-11','',2,1,1,'2013-08-03 15:29:26','2013-08-03 15:29:26',NULL,1,NULL,12,NULL,10,2),(201,'2013-08-03','',2,1,1,'2013-08-03 15:37:04','2013-08-03 15:37:04',NULL,1,NULL,12,NULL,10,2),(202,'2013-08-03','',2,1,1,'2013-08-03 15:37:20','2013-08-03 15:37:20',NULL,1,NULL,12,NULL,10,2),(203,'2013-08-03','',2,1,1,'2013-08-03 15:38:31','2013-08-03 15:38:31',NULL,1,NULL,12,NULL,10,2),(204,'2013-08-25','',2,1,1,'2013-08-03 15:41:08','2013-08-03 15:41:08',NULL,11,NULL,12,NULL,10,2),(205,'2013-08-10','',2,1,1,'2013-08-03 15:41:23','2013-08-03 15:41:23',NULL,11,NULL,12,NULL,10,2),(206,'2013-08-15','',1,1,1,'2013-08-15 17:31:52','2013-08-15 17:31:52',NULL,3,450,1,NULL,11,4),(207,'2013-08-15','',1,1,2,'2013-08-15 17:32:53','2013-08-15 17:32:53',NULL,1,400,1,NULL,11,4),(208,'2013-08-15','',1,1,1,'2013-08-15 17:33:47','2013-08-15 17:33:47',NULL,2,450,1,NULL,11,4),(209,'2013-08-15','',1,1,1,'2013-08-15 17:36:16','2013-08-15 17:36:16',NULL,1,450,1,NULL,11,4),(210,'2013-08-15','',1,1,7,'2013-08-15 19:13:38','2013-08-15 19:13:38',NULL,4,650,1,NULL,10,4),(212,'2010-01-01','',1,1,1,'2013-08-22 15:05:07','2013-08-29 21:52:52',NULL,1,450,1,NULL,11,4),(213,'2013-09-17','',6,1,9,'2013-08-25 19:38:38','2013-08-25 19:38:38',NULL,130,50,2,NULL,10,2),(214,'2013-09-17',NULL,4,1,1,'2013-08-25 19:38:38','2013-08-25 19:38:38',NULL,130,NULL,3,NULL,10,2),(215,'2013-09-03','',1,1,1,'2013-09-03 21:40:07','2013-09-03 21:40:07',NULL,1,450,1,NULL,10,5);
/*!40000 ALTER TABLE `movimientos` ENABLE KEYS */;
UNLOCK TABLES;

--
-- Table structure for table `transacciontipos`
--

DROP TABLE IF EXISTS `transacciontipos`;
/*!40101 SET @saved_cs_client     = @@character_set_client */;
/*!40101 SET character_set_client = utf8 */;
CREATE TABLE `transacciontipos` (
  `id` int(11) NOT NULL AUTO_INCREMENT,
  `codigo` int(11) DEFAULT NULL,
  `nombre` varchar(255) COLLATE utf8_unicode_ci DEFAULT NULL,
  `created_at` datetime DEFAULT NULL,
  `updated_at` datetime DEFAULT NULL,
  PRIMARY KEY (`id`)
) ENGINE=InnoDB AUTO_INCREMENT=6 DEFAULT CHARSET=utf8 COLLATE=utf8_unicode_ci;
/*!40101 SET character_set_client = @saved_cs_client */;

--
-- Dumping data for table `transacciontipos`
--

LOCK TABLES `transacciontipos` WRITE;
/*!40000 ALTER TABLE `transacciontipos` DISABLE KEYS */;
INSERT INTO `transacciontipos` VALUES (1,1,'INGRESO','2013-08-16 19:30:07','2013-08-16 19:30:07'),(2,2,'EGRESO','2013-08-16 19:30:25','2013-08-16 19:30:25'),(3,4,'PAGO','2013-08-16 19:30:35','2013-08-16 22:57:33'),(4,3,'COBRANZA','2013-08-16 19:30:48','2013-08-16 22:57:48'),(5,0,'MOVIMIENTOS DE FONDOS','2013-09-24 21:21:22','2013-09-24 21:21:22');
/*!40000 ALTER TABLE `transacciontipos` ENABLE KEYS */;
UNLOCK TABLES;

--
-- Table structure for table `establecimientos`
--

DROP TABLE IF EXISTS `establecimientos`;
/*!40101 SET @saved_cs_client     = @@character_set_client */;
/*!40101 SET character_set_client = utf8 */;
CREATE TABLE `establecimientos` (
  `id` int(11) NOT NULL AUTO_INCREMENT,
  `codigo` varchar(255) COLLATE utf8_unicode_ci DEFAULT NULL,
  `nombre` varchar(255) COLLATE utf8_unicode_ci DEFAULT NULL,
  `created_at` datetime DEFAULT NULL,
  `updated_at` datetime DEFAULT NULL,
  `clima` text COLLATE utf8_unicode_ci,
  PRIMARY KEY (`id`)
) ENGINE=InnoDB AUTO_INCREMENT=12 DEFAULT CHARSET=utf8 COLLATE=utf8_unicode_ci;
/*!40101 SET character_set_client = @saved_cs_client */;

--
-- Dumping data for table `establecimientos`
--

LOCK TABLES `establecimientos` WRITE;
/*!40000 ALTER TABLE `establecimientos` DISABLE KEYS */;
INSERT INTO `establecimientos` VALUES (10,'SJ','SAN JOSE','2013-07-26 21:49:57','2013-09-16 15:13:37','<!-- www.TuTiempo.net - Ancho:581px - Alto:115px -->\r\n<div id=\"TT_vCjwLhtxYAAjdsNAKfuDDjzjDYaATdEFLd1t1uG6Amq\"><strong><a href=\"http://www.tutiempo.net\">Clima</a></strong><a href=\"http://www.tutiempo.net/tiempo/Bolivar/SAZI.htm\">El tiempo en Bolivar</a></div>\r\n<script type=\"text/javascript\" src=\"http://www.tutiempo.net/widget/eltiempo_vCjwLhtxYAAjdsNAKfuDDjzjDYaATdEFLd1t1uG6Amq\"></script>'),(11,'EA','EL ALTILLO','2013-07-26 21:50:07','2013-09-18 20:23:16','<div id=\"cont_52b0fd96b862f2e51b68c63602e4d38a\">\r\n  <span id=\"h_52b0fd96b862f2e51b68c63602e4d38a\">Tiempo Ayacucho</span>\r\n  <script type=\"text/javascript\" src=\"http://www.tiempo.com/wid_loader/52b0fd96b862f2e51b68c63602e4d38a\"></script>\r\n</div>');
/*!40000 ALTER TABLE `establecimientos` ENABLE KEYS */;
UNLOCK TABLES;

--
-- Table structure for table `cat_tipos_tipo_accs`
--

DROP TABLE IF EXISTS `cat_tipos_tipo_accs`;
/*!40101 SET @saved_cs_client     = @@character_set_client */;
/*!40101 SET character_set_client = utf8 */;
CREATE TABLE `cat_tipos_tipo_accs` (
  `cat_tipo_id` int(11) DEFAULT NULL,
  `tipo_acc_id` int(11) DEFAULT NULL,
  KEY `index_catTipo_tipoAcc_on_catTipo_id_and_tipoAcc_id` (`cat_tipo_id`,`tipo_acc_id`),
  KEY `index_catTipo_tipoAcc_on_tipoAcc_id_and_catTipo_id` (`tipo_acc_id`,`cat_tipo_id`)
) ENGINE=InnoDB DEFAULT CHARSET=utf8 COLLATE=utf8_unicode_ci;
/*!40101 SET character_set_client = @saved_cs_client */;

--
-- Dumping data for table `cat_tipos_tipo_accs`
--

LOCK TABLES `cat_tipos_tipo_accs` WRITE;
/*!40000 ALTER TABLE `cat_tipos_tipo_accs` DISABLE KEYS */;
INSERT INTO `cat_tipos_tipo_accs` VALUES (1,1),(1,3),(1,4),(1,5),(1,8),(1,9),(1,10),(1,11),(1,12),(1,13),(2,1),(2,2),(2,4),(2,6),(2,7),(2,8),(2,9),(2,10),(2,11),(2,12),(2,13),(3,1),(3,4),(3,8),(3,9),(3,10),(3,11),(3,12),(3,13),(4,1),(4,4),(4,8),(4,9),(4,10),(4,11),(4,12),(4,13);
/*!40000 ALTER TABLE `cat_tipos_tipo_accs` ENABLE KEYS */;
UNLOCK TABLES;

--
-- Table structure for table `animals_movimientos`
--

DROP TABLE IF EXISTS `animals_movimientos`;
/*!40101 SET @saved_cs_client     = @@character_set_client */;
/*!40101 SET character_set_client = utf8 */;
CREATE TABLE `animals_movimientos` (
  `animal_id` int(11) DEFAULT NULL,
  `movimiento_id` int(11) DEFAULT NULL,
  KEY `index_animals_movimientos_on_animal_id_and_movimiento_id` (`animal_id`,`movimiento_id`)
) ENGINE=InnoDB DEFAULT CHARSET=utf8 COLLATE=utf8_unicode_ci;
/*!40101 SET character_set_client = @saved_cs_client */;

--
-- Dumping data for table `animals_movimientos`
--

LOCK TABLES `animals_movimientos` WRITE;
/*!40000 ALTER TABLE `animals_movimientos` DISABLE KEYS */;
INSERT INTO `animals_movimientos` VALUES (1324,167),(1324,171),(1324,185),(1325,167),(1325,171),(1325,185),(1326,167),(1326,171),(1326,185),(1327,167),(1327,171),(1327,194),(1328,167),(1328,171),(1328,194),(1329,167),(1329,171),(1329,194),(1330,167),(1330,171),(1330,194),(1331,167),(1331,171),(1331,195),(1332,167),(1332,171),(1332,196),(1333,167),(1333,171),(1333,197),(1334,167),(1334,171),(1334,198),(1335,167),(1335,171),(1335,199),(1336,167),(1336,171),(1336,200),(1337,167),(1337,171),(1337,201),(1338,167),(1338,171),(1338,183),(1339,167),(1339,171),(1339,183),(1340,167),(1340,171),(1340,183),(1341,167),(1341,171),(1341,183),(1342,167),(1342,171),(1342,183),(1343,167),(1343,171),(1343,183),(1344,167),(1344,171),(1344,183),(1345,167),(1345,171),(1345,202),(1346,167),(1346,171),(1346,203),(1347,167),(1347,171),(1347,204),(1348,167),(1348,171),(1348,204),(1349,167),(1349,171),(1349,204),(1350,167),(1350,171),(1350,204),(1351,167),(1351,171),(1351,204),(1352,167),(1352,171),(1352,204),(1353,167),(1353,171),(1353,204),(1354,167),(1354,171),(1354,204),(1355,167),(1355,171),(1355,204),(1356,167),(1356,171),(1356,204),(1357,167),(1357,171),(1357,204),(1358,167),(1358,171),(1358,205),(1359,167),(1359,171),(1359,205),(1360,167),(1360,171),(1360,205),(1361,167),(1361,171),(1361,205),(1362,167),(1362,171),(1362,205),(1363,167),(1363,171),(1363,205),(1364,167),(1364,171),(1364,205),(1365,167),(1365,171),(1365,205),(1366,167),(1366,171),(1366,205),(1367,167),(1367,171),(1367,205),(1368,167),(1368,171),(1368,205),(1369,167),(1369,171),(1369,214),(1370,167),(1370,171),(1370,214),(1371,167),(1371,171),(1371,214),(1372,167),(1372,171),(1372,214),(1373,167),(1373,171),(1373,214),(1374,167),(1374,171),(1374,214),(1375,167),(1375,171),(1375,214),(1376,167),(1376,171),(1376,214),(1377,167),(1377,171),(1377,214),(1378,167),(1378,171),(1378,214),(1379,167),(1379,171),(1379,214),(1380,167),(1380,171),(1380,214),(1381,167),(1381,171),(1381,214),(1382,167),(1382,171),(1382,214),(1383,167),(1383,171),(1383,214),(1384,167),(1384,171),(1384,214),(1385,167),(1385,171),(1385,214),(1386,167),(1386,171),(1386,214),(1387,167),(1387,171),(1387,214),(1388,167),(1388,171),(1388,214),(1389,167),(1389,171),(1389,214),(1390,167),(1390,171),(1390,214),(1391,167),(1391,171),(1391,214),(1392,167),(1392,171),(1392,214),(1393,167),(1393,171),(1393,214),(1394,167),(1394,171),(1394,214),(1395,167),(1395,171),(1395,214),(1396,167),(1396,171),(1396,214),(1397,167),(1397,171),(1397,214),(1398,167),(1398,171),(1398,214),(1399,167),(1399,171),(1399,214),(1400,167),(1400,171),(1400,214),(1401,167),(1401,171),(1401,214),(1402,167),(1402,171),(1402,214),(1403,167),(1403,171),(1403,214),(1404,167),(1404,171),(1404,214),(1405,167),(1405,171),(1405,214),(1406,167),(1406,171),(1406,214),(1407,167),(1407,171),(1407,214),(1408,167),(1408,171),(1408,214),(1409,167),(1409,171),(1409,214),(1410,167),(1410,171),(1410,214),(1411,167),(1411,171),(1411,214),(1412,167),(1412,171),(1412,214),(1413,167),(1413,171),(1413,214),(1414,167),(1414,171),(1414,214),(1415,167),(1415,171),(1415,214),(1416,167),(1416,171),(1416,214),(1417,167),(1417,171),(1417,214),(1418,167),(1418,171),(1418,214),(1419,167),(1419,171),(1419,214),(1420,167),(1420,171),(1420,214),(1421,167),(1421,171),(1421,214),(1422,167),(1422,171),(1422,214),(1423,167),(1423,171),(1423,214),(1424,167),(1424,171),(1424,214),(1425,167),(1425,171),(1425,214),(1426,167),(1426,171),(1426,214),(1427,167),(1427,171),(1427,214),(1428,167),(1428,171),(1428,214),(1429,167),(1429,171),(1429,214),(1430,167),(1430,171),(1430,214),(1431,167),(1431,171),(1431,214),(1432,167),(1432,171),(1432,214),(1433,167),(1433,171),(1433,214),(1434,167),(1434,172),(1434,186),(1435,167),(1435,172),(1435,186),(1436,167),(1436,172),(1436,186),(1437,167),(1437,172),(1437,186),(1438,167),(1438,172),(1438,186),(1439,167),(1439,172),(1439,186),(1440,167),(1440,173),(1440,214),(1441,167),(1441,173),(1441,214),(1442,167),(1442,173),(1442,214),(1443,167),(1443,173),(1443,214),(1444,167),(1444,173),(1444,214),(1445,167),(1445,173),(1445,214),(1446,167),(1446,173),(1446,214),(1447,167),(1447,173),(1447,214),(1448,167),(1448,173),(1448,214),(1449,167),(1449,173),(1449,214),(1450,167),(1450,173),(1450,214),(1451,167),(1451,173),(1451,214),(1452,168),(1452,173),(1452,214),(1453,168),(1453,173),(1453,214),(1454,168),(1454,173),(1454,214),(1455,168),(1455,173),(1455,214),(1456,168),(1456,173),(1456,214),(1457,168),(1457,173),(1457,214),(1458,168),(1458,173),(1458,214),(1459,168),(1459,173),(1459,214),(1460,168),(1460,173),(1460,214),(1461,168),(1461,173),(1461,214),(1462,168),(1462,173),(1462,214),(1463,168),(1463,173),(1463,214),(1464,168),(1464,173),(1464,214),(1465,168),(1465,173),(1465,214),(1466,168),(1466,173),(1466,214),(1467,168),(1467,173),(1467,214),(1468,168),(1468,173),(1468,214),(1469,168),(1469,173),(1469,214),(1470,168),(1470,173),(1470,214),(1471,168),(1471,173),(1471,214),(1472,168),(1472,173),(1472,214),(1473,168),(1473,173),(1473,214),(1474,168),(1474,173),(1474,214),(1475,168),(1475,173),(1475,214),(1476,168),(1476,173),(1476,214),(1477,168),(1477,173),(1477,214),(1478,168),(1478,173),(1478,214),(1479,168),(1479,173),(1479,214),(1480,168),(1480,173),(1480,214),(1481,168),(1481,173),(1481,214),(1482,168),(1482,173),(1482,214),(1483,168),(1483,173),(1483,214),(1484,168),(1484,173),(1484,214),(1485,168),(1485,173),(1485,214),(1486,168),(1486,173),(1486,214),(1487,168),(1487,173),(1487,214),(1488,168),(1488,173),(1488,214),(1489,168),(1489,173),(1489,214),(1490,168),(1490,173),(1490,214),(1491,168),(1491,173),(1491,214),(1492,168),(1492,173),(1492,214),(1493,168),(1493,173),(1493,214),(1494,168),(1494,173),(1494,214),(1495,168),(1495,173),(1495,214),(1496,168),(1496,173),(1496,214),(1497,168),(1497,173),(1497,214),(1498,168),(1498,173),(1498,214),(1499,168),(1499,173),(1499,214),(1500,168),(1500,173),(1500,214),(1501,168),(1501,173),(1501,214),(1502,168),(1502,173),(1502,214),(1503,168),(1503,173),(1503,214),(1504,168),(1504,173),(1504,214),(1505,168),(1505,173),(1506,168),(1506,174),(1506,186),(1507,168),(1507,174),(1507,186),(1508,168),(1508,174),(1508,186),(1509,168),(1509,174),(1509,186),(1510,168),(1510,174),(1510,186),(1511,168),(1511,175),(1511,182),(1512,168),(1512,175),(1512,182),(1513,168),(1513,175),(1513,182),(1514,168),(1514,175),(1514,182),(1515,168),(1515,175),(1515,182),(1516,168),(1516,175),(1516,182),(1517,168),(1517,175),(1517,182),(1518,168),(1518,175),(1518,182),(1519,168),(1519,175),(1519,182),(1520,168),(1520,175),(1520,182),(1521,168),(1521,175),(1521,182),(1522,168),(1522,175),(1522,184),(1523,168),(1523,176),(1524,168),(1524,176),(1525,168),(1525,176),(1526,168),(1526,176),(1527,168),(1527,176),(1528,168),(1528,176),(1529,168),(1529,176),(1530,168),(1530,176),(1531,168),(1531,176),(1532,168),(1532,176),(1533,168),(1533,176),(1534,168),(1534,176),(1535,169),(1535,177),(1536,169),(1536,177),(1537,169),(1537,177),(1538,169),(1538,177),(1539,169),(1539,177),(1540,169),(1540,177),(1541,169),(1541,177),(1542,169),(1542,177),(1543,169),(1543,177),(1544,169),(1544,177),(1545,169),(1545,177),(1546,169),(1546,177),(1547,169),(1547,177),(1548,169),(1548,177),(1549,169),(1549,177),(1550,169),(1550,177),(1551,169),(1551,177),(1552,169),(1552,177),(1553,169),(1553,177),(1554,169),(1554,177),(1555,169),(1555,177),(1556,169),(1556,177),(1557,169),(1557,177),(1558,169),(1558,178),(1559,169),(1559,178),(1560,169),(1560,178),(1561,169),(1561,178),(1562,170),(1562,179),(1563,170),(1563,179),(1564,170),(1564,179),(1565,170),(1565,179),(1566,170),(1566,179),(1567,170),(1567,179),(1568,170),(1568,179),(1569,170),(1569,179),(1570,170),(1570,179),(1571,170),(1571,179),(1572,170),(1572,179),(1573,170),(1573,179),(1574,170),(1574,179),(1575,170),(1575,179),(1576,170),(1576,179),(1577,170),(1577,179),(1578,170),(1578,179),(1579,170),(1579,179),(1580,170),(1580,179),(1581,170),(1581,180),(1582,170),(1582,180),(1583,170),(1583,180),(1584,170),(1584,180),(1585,170),(1585,180),(1586,170),(1586,180),(1587,170),(1587,180),(1588,170),(1588,180),(1589,170),(1589,180),(1590,170),(1590,180),(1591,170),(1591,180),(1592,170),(1593,187),(1594,187),(1595,187),(1596,187),(1597,187),(1598,187),(1599,187),(1600,187),(1601,187),(1602,187),(1603,187),(1604,187),(1605,187),(1606,187),(1607,187),(1608,187),(1609,187),(1610,187),(1611,187),(1612,187),(1613,187),(1614,187),(1615,187),(1616,187),(1617,187),(1618,187),(1619,187),(1620,187),(1621,187),(1622,187),(1623,187),(1624,187),(1625,187),(1626,187),(1627,187),(1628,187),(1629,187),(1630,187),(1631,187),(1632,187),(1633,187),(1634,187),(1635,187),(1636,187),(1637,187),(1638,187),(1639,187),(1640,187),(1641,187),(1642,187),(1643,187),(1644,187),(1645,187),(1646,187),(1647,187),(1648,187),(1649,187),(1650,187),(1651,187),(1652,187),(1653,187),(1654,187),(1655,187),(1656,187),(1657,187),(1658,187),(1659,187),(1660,187),(1661,187),(1662,187),(1663,187),(1664,187),(1665,188),(1666,188),(1667,188),(1675,193),(1676,193),(1677,193),(1678,193),(1679,206),(1680,206),(1681,206),(1682,207),(1683,208),(1684,208),(1685,209),(1686,210),(1687,210),(1688,210),(1689,210),(1690,211),(1691,211),(1692,212),(1693,213),(1694,213),(1695,213),(1696,213),(1697,213),(1698,213),(1699,213),(1700,213),(1701,213),(1702,213),(1703,213),(1704,213),(1705,213),(1706,213),(1707,213),(1708,213),(1709,213),(1710,213),(1711,213),(1712,213),(1713,213),(1714,213),(1715,213),(1716,213),(1717,213),(1718,213),(1719,213),(1720,213),(1721,213),(1722,213),(1723,213),(1724,213),(1725,213),(1726,213),(1727,213),(1728,213),(1729,213),(1730,213),(1731,213),(1732,213),(1733,213),(1734,213),(1735,213),(1736,213),(1737,213),(1738,213),(1739,213),(1740,213),(1741,213),(1742,213),(1743,213),(1744,213),(1745,213),(1746,213),(1747,213),(1748,213),(1749,213),(1750,213),(1751,213),(1752,213),(1753,213),(1754,213),(1755,213),(1756,213),(1757,213),(1758,213),(1759,213),(1760,213),(1761,213),(1762,213),(1763,213),(1764,213),(1765,213),(1766,213),(1767,213),(1768,213),(1769,213),(1770,213),(1771,213),(1772,213),(1773,213),(1774,213),(1775,213),(1776,213),(1777,213),(1778,213),(1779,213),(1780,213),(1781,213),(1782,213),(1783,213),(1784,213),(1785,213),(1786,213),(1787,213),(1788,213),(1789,213),(1790,213),(1791,213),(1792,213),(1793,213),(1794,213),(1795,213),(1796,213),(1797,213),(1798,213),(1799,213),(1800,213),(1801,213),(1802,213),(1803,213),(1804,213),(1805,213),(1806,213),(1807,213),(1808,213),(1809,213),(1810,213),(1811,213),(1812,213),(1813,213),(1814,213),(1815,213),(1816,213),(1817,213),(1818,213),(1819,213),(1820,213),(1821,213),(1822,213),(1823,215);
/*!40000 ALTER TABLE `animals_movimientos` ENABLE KEYS */;
UNLOCK TABLES;

--
-- Table structure for table `permisos`
--

DROP TABLE IF EXISTS `permisos`;
/*!40101 SET @saved_cs_client     = @@character_set_client */;
/*!40101 SET character_set_client = utf8 */;
CREATE TABLE `permisos` (
  `id` int(11) NOT NULL AUTO_INCREMENT,
  `establecimiento_id` int(11) DEFAULT NULL,
  `user_id` int(11) DEFAULT NULL,
  `permiso` int(11) DEFAULT NULL,
  `created_at` datetime DEFAULT NULL,
  `updated_at` datetime DEFAULT NULL,
  `empresa_id` int(11) DEFAULT NULL,
  PRIMARY KEY (`id`),
  KEY `index_permisos_on_empresa_id` (`empresa_id`)
) ENGINE=InnoDB AUTO_INCREMENT=17 DEFAULT CHARSET=utf8 COLLATE=utf8_unicode_ci;
/*!40101 SET character_set_client = @saved_cs_client */;

--
-- Dumping data for table `permisos`
--

LOCK TABLES `permisos` WRITE;
/*!40000 ALTER TABLE `permisos` DISABLE KEYS */;
INSERT INTO `permisos` VALUES (2,10,4,1,'2013-07-26 21:49:57','2013-08-30 19:44:40',NULL),(3,11,4,1,'2013-07-26 21:50:07','2013-08-30 19:44:40',NULL),(4,10,5,1,'2013-07-29 23:33:37','2013-07-31 12:55:00',NULL),(5,11,5,1,'2013-07-31 12:53:47','2013-07-31 12:55:00',NULL),(6,10,6,1,'2013-07-31 12:56:03','2013-09-06 00:24:02',NULL),(7,11,6,1,'2013-07-31 12:56:07','2013-09-06 00:24:02',NULL),(8,NULL,4,1,'2013-08-15 18:57:13','2013-08-30 19:44:40',5),(9,NULL,6,1,'2013-08-15 18:58:03','2013-09-06 00:24:02',5),(10,NULL,4,1,'2013-08-15 19:08:25','2013-08-30 19:44:40',4),(11,NULL,4,1,'2013-08-15 19:08:33','2013-08-30 19:44:40',2),(12,NULL,6,0,'2013-08-29 22:33:09','2013-08-30 16:49:57',2),(13,12,4,0,'2013-08-30 16:37:27','2013-08-30 19:31:22',NULL),(14,13,4,0,'2013-08-30 16:38:05','2013-08-30 19:31:22',NULL),(15,NULL,4,1,'2013-08-30 16:48:24','2013-08-30 19:44:40',6),(16,NULL,6,1,'2013-08-30 16:49:37','2013-09-06 00:24:02',6);
/*!40000 ALTER TABLE `permisos` ENABLE KEYS */;
UNLOCK TABLES;

--
-- Table structure for table `categories`
--

DROP TABLE IF EXISTS `categories`;
/*!40101 SET @saved_cs_client     = @@character_set_client */;
/*!40101 SET character_set_client = utf8 */;
CREATE TABLE `categories` (
  `id` int(11) NOT NULL AUTO_INCREMENT,
  `nombre` varchar(255) COLLATE utf8_unicode_ci DEFAULT NULL,
  `desc` varchar(255) COLLATE utf8_unicode_ci DEFAULT NULL,
  `catTipo_id` int(11) DEFAULT NULL,
  `created_at` datetime NOT NULL,
  `updated_at` datetime NOT NULL,
  `pesoEstandard` int(11) DEFAULT NULL,
  PRIMARY KEY (`id`),
  KEY `index_categories_on_categoriasTipo_id` (`catTipo_id`)
) ENGINE=InnoDB AUTO_INCREMENT=10 DEFAULT CHARSET=utf8 COLLATE=utf8_unicode_ci;
/*!40101 SET character_set_client = @saved_cs_client */;

--
-- Dumping data for table `categories`
--

LOCK TABLES `categories` WRITE;
/*!40000 ALTER TABLE `categories` DISABLE KEYS */;
INSERT INTO `categories` VALUES (1,'VACA','',1,'2013-04-02 15:36:41','2013-07-23 23:39:11',450),(2,'VAQUILLONA 2S','',1,'2013-04-02 15:36:48','2013-07-26 21:51:27',400),(3,'TERNERAS RC','',4,'2013-04-02 15:36:55','2013-08-01 00:23:39',280),(5,'TORITO','',3,'2013-04-13 20:07:12','2013-07-26 21:51:48',350),(6,'VAQUILLONA 1S','',1,'2013-07-26 21:51:41','2013-07-26 21:51:41',320),(7,'TORO','',3,'2013-07-26 21:52:11','2013-07-26 21:52:11',650),(8,'TERNERAS LOPEZ','',4,'2013-08-01 00:26:38','2013-08-01 00:26:38',280),(9,'OREJANO','',2,'2013-08-01 03:25:50','2013-08-01 03:25:50',50);
/*!40000 ALTER TABLE `categories` ENABLE KEYS */;
UNLOCK TABLES;

--
-- Table structure for table `cat_tipos`
--

DROP TABLE IF EXISTS `cat_tipos`;
/*!40101 SET @saved_cs_client     = @@character_set_client */;
/*!40101 SET character_set_client = utf8 */;
CREATE TABLE `cat_tipos` (
  `id` int(11) NOT NULL AUTO_INCREMENT,
  `nombre` varchar(255) COLLATE utf8_unicode_ci DEFAULT NULL,
  `desc` varchar(255) COLLATE utf8_unicode_ci DEFAULT NULL,
  `created_at` datetime NOT NULL,
  `updated_at` datetime NOT NULL,
  PRIMARY KEY (`id`)
) ENGINE=InnoDB AUTO_INCREMENT=5 DEFAULT CHARSET=utf8 COLLATE=utf8_unicode_ci;
/*!40101 SET character_set_client = @saved_cs_client */;

--
-- Dumping data for table `cat_tipos`
--

LOCK TABLES `cat_tipos` WRITE;
/*!40000 ALTER TABLE `cat_tipos` DISABLE KEYS */;
INSERT INTO `cat_tipos` VALUES (1,'REP. HEMBRA','','2013-04-02 15:36:12','2013-04-02 15:36:12'),(2,'TERNERO','','2013-04-02 15:36:26','2013-04-02 15:36:26'),(3,'REP. MACHO','','2013-04-13 20:04:33','2013-04-13 20:04:33'),(4,'RECRIA','','2013-08-01 00:23:08','2013-08-01 00:23:08');
/*!40000 ALTER TABLE `cat_tipos` ENABLE KEYS */;
UNLOCK TABLES;

--
-- Table structure for table `schema_migrations`
--

DROP TABLE IF EXISTS `schema_migrations`;
/*!40101 SET @saved_cs_client     = @@character_set_client */;
/*!40101 SET character_set_client = utf8 */;
CREATE TABLE `schema_migrations` (
  `version` varchar(255) COLLATE utf8_unicode_ci NOT NULL,
  UNIQUE KEY `unique_schema_migrations` (`version`)
) ENGINE=InnoDB DEFAULT CHARSET=utf8 COLLATE=utf8_unicode_ci;
/*!40101 SET character_set_client = @saved_cs_client */;

--
-- Dumping data for table `schema_migrations`
--

LOCK TABLES `schema_migrations` WRITE;
/*!40000 ALTER TABLE `schema_migrations` DISABLE KEYS */;
INSERT INTO `schema_migrations` VALUES ('20130311154400'),('20130311154427'),('20130311154546'),('20130311162100'),('20130311163043'),('20130311163132'),('20130311164612'),('20130311165201'),('20130311193656'),('20130311232700'),('20130311232851'),('20130311235259'),('20130312000539'),('20130312002506'),('20130312021857'),('20130312024643'),('20130312183552'),('20130317134029'),('20130317170149'),('20130317170728'),('20130317173302'),('20130325134044'),('20130325141014'),('20130325141230'),('20130325141808'),('20130327183540'),('20130327210824'),('20130328040839'),('20130401230238'),('20130402200540'),('20130414212635'),('20130720231713'),('20130720235935'),('20130721000001'),('20130721212953'),('20130722144458'),('20130722150720'),('20130723015140'),('20130815170751'),('20130815171831'),('20130815184935'),('20130816030933'),('20130816153044'),('20130816153717'),('20130816154931'),('20130816155124'),('20130816155329'),('20130816155933'),('20130816191933'),('20130816191958'),('20130816192351'),('20130816200814'),('20130816203924'),('20130831135340'),('20130831142546'),('20130831212300'),('20130831230127'),('20130902014520'),('20130903140331'),('20130903165031'),('20130905224938'),('20130915231613'),('20130916143715'),('20130916155629'),('20130922222243'),('20130924220008'),('20130926205256'),('20131001222604'),('20131001222640'),('20131001222849');
/*!40000 ALTER TABLE `schema_migrations` ENABLE KEYS */;
UNLOCK TABLES;

--
-- Table structure for table `animals`
--

DROP TABLE IF EXISTS `animals`;
/*!40101 SET @saved_cs_client     = @@character_set_client */;
/*!40101 SET character_set_client = utf8 */;
CREATE TABLE `animals` (
  `id` int(11) NOT NULL AUTO_INCREMENT,
  `rp` int(11) DEFAULT NULL,
  `activo` tinyint(1) DEFAULT NULL,
  `nombre` varchar(255) COLLATE utf8_unicode_ci DEFAULT NULL,
  `desc` varchar(255) COLLATE utf8_unicode_ci DEFAULT NULL,
  `created_at` datetime NOT NULL,
  `updated_at` datetime NOT NULL,
  PRIMARY KEY (`id`)
) ENGINE=InnoDB AUTO_INCREMENT=1824 DEFAULT CHARSET=utf8 COLLATE=utf8_unicode_ci;
/*!40101 SET character_set_client = @saved_cs_client */;

--
-- Dumping data for table `animals`
--

LOCK TABLES `animals` WRITE;
/*!40000 ALTER TABLE `animals` DISABLE KEYS */;
INSERT INTO `animals` VALUES (1324,NULL,0,NULL,'Creado por el movimiento Origen','2013-07-26 21:54:11','2013-07-31 22:43:27'),(1325,NULL,0,NULL,'Creado por el movimiento Origen','2013-07-26 21:54:11','2013-07-31 22:43:27'),(1326,NULL,0,NULL,'Creado por el movimiento Origen','2013-07-26 21:54:11','2013-07-31 22:43:27'),(1327,NULL,1,NULL,'Creado por el movimiento Origen','2013-07-26 21:54:11','2013-07-31 22:45:34'),(1328,NULL,1,NULL,'Creado por el movimiento Origen','2013-07-26 21:54:11','2013-07-31 22:45:34'),(1329,NULL,1,NULL,'Creado por el movimiento Origen','2013-07-26 21:54:11','2013-07-31 22:45:34'),(1330,NULL,1,NULL,'Creado por el movimiento Origen','2013-07-26 21:54:11','2013-07-31 22:45:34'),(1331,NULL,0,NULL,'Creado por el movimiento Origen','2013-07-26 21:54:11','2013-08-03 14:40:10'),(1332,NULL,0,NULL,'Creado por el movimiento Origen','2013-07-26 21:54:11','2013-08-03 14:45:15'),(1333,NULL,0,NULL,'Creado por el movimiento Origen','2013-07-26 21:54:11','2013-08-03 14:45:48'),(1334,NULL,0,NULL,'Creado por el movimiento Origen','2013-07-26 21:54:11','2013-08-03 14:48:18'),(1335,NULL,0,NULL,'Creado por el movimiento Origen','2013-07-26 21:54:11','2013-08-03 15:28:35'),(1336,NULL,0,NULL,'Creado por el movimiento Origen','2013-07-26 21:54:11','2013-08-03 15:29:26'),(1337,NULL,0,NULL,'Creado por el movimiento Origen','2013-07-26 21:54:11','2013-08-03 15:37:04'),(1338,NULL,0,NULL,'Creado por el movimiento Origen','2013-07-26 21:54:11','2013-07-31 22:39:16'),(1339,NULL,0,NULL,'Creado por el movimiento Origen','2013-07-26 21:54:12','2013-07-31 22:39:16'),(1340,NULL,0,NULL,'Creado por el movimiento Origen','2013-07-26 21:54:12','2013-07-31 22:39:16'),(1341,NULL,0,NULL,'Creado por el movimiento Origen','2013-07-26 21:54:12','2013-07-31 22:39:16'),(1342,NULL,0,NULL,'Creado por el movimiento Origen','2013-07-26 21:54:12','2013-07-31 22:39:16'),(1343,NULL,0,NULL,'Creado por el movimiento Origen','2013-07-26 21:54:12','2013-07-31 22:39:16'),(1344,NULL,0,NULL,'Creado por el movimiento Origen','2013-07-26 21:54:12','2013-07-31 22:39:17'),(1345,NULL,0,NULL,'Creado por el movimiento Origen','2013-07-26 21:54:12','2013-08-03 15:37:20'),(1346,NULL,0,NULL,'Creado por el movimiento Origen','2013-07-26 21:54:12','2013-08-03 15:38:31'),(1347,NULL,0,NULL,'Creado por el movimiento Origen','2013-07-26 21:54:12','2013-08-03 15:41:07'),(1348,NULL,0,NULL,'Creado por el movimiento Origen','2013-07-26 21:54:12','2013-08-03 15:41:07'),(1349,NULL,0,NULL,'Creado por el movimiento Origen','2013-07-26 21:54:12','2013-08-03 15:41:07'),(1350,NULL,0,NULL,'Creado por el movimiento Origen','2013-07-26 21:54:12','2013-08-03 15:41:07'),(1351,NULL,0,NULL,'Creado por el movimiento Origen','2013-07-26 21:54:12','2013-08-03 15:41:07'),(1352,NULL,0,NULL,'Creado por el movimiento Origen','2013-07-26 21:54:12','2013-08-03 15:41:07'),(1353,NULL,0,NULL,'Creado por el movimiento Origen','2013-07-26 21:54:12','2013-08-03 15:41:07'),(1354,NULL,0,NULL,'Creado por el movimiento Origen','2013-07-26 21:54:12','2013-08-03 15:41:07'),(1355,NULL,0,NULL,'Creado por el movimiento Origen','2013-07-26 21:54:12','2013-08-03 15:41:07'),(1356,NULL,0,NULL,'Creado por el movimiento Origen','2013-07-26 21:54:12','2013-08-03 15:41:07'),(1357,NULL,0,NULL,'Creado por el movimiento Origen','2013-07-26 21:54:12','2013-08-03 15:41:08'),(1358,NULL,0,NULL,'Creado por el movimiento Origen','2013-07-26 21:54:12','2013-08-03 15:41:23'),(1359,NULL,0,NULL,'Creado por el movimiento Origen','2013-07-26 21:54:12','2013-08-03 15:41:23'),(1360,NULL,0,NULL,'Creado por el movimiento Origen','2013-07-26 21:54:12','2013-08-03 15:41:23'),(1361,NULL,0,NULL,'Creado por el movimiento Origen','2013-07-26 21:54:12','2013-08-03 15:41:23'),(1362,NULL,0,NULL,'Creado por el movimiento Origen','2013-07-26 21:54:12','2013-08-03 15:41:23'),(1363,NULL,0,NULL,'Creado por el movimiento Origen','2013-07-26 21:54:12','2013-08-03 15:41:23'),(1364,NULL,0,NULL,'Creado por el movimiento Origen','2013-07-26 21:54:12','2013-08-03 15:41:23'),(1365,NULL,0,NULL,'Creado por el movimiento Origen','2013-07-26 21:54:12','2013-08-03 15:41:23'),(1366,NULL,0,NULL,'Creado por el movimiento Origen','2013-07-26 21:54:13','2013-08-03 15:41:23'),(1367,NULL,0,NULL,'Creado por el movimiento Origen','2013-07-26 21:54:13','2013-08-03 15:41:23'),(1368,NULL,0,NULL,'Creado por el movimiento Origen','2013-07-26 21:54:13','2013-08-03 15:41:23'),(1369,NULL,1,NULL,'Creado por el movimiento Origen','2013-07-26 21:54:13','2013-07-26 21:54:13'),(1370,NULL,1,NULL,'Creado por el movimiento Origen','2013-07-26 21:54:13','2013-07-26 21:54:13'),(1371,NULL,1,NULL,'Creado por el movimiento Origen','2013-07-26 21:54:13','2013-07-26 21:54:13'),(1372,NULL,1,NULL,'Creado por el movimiento Origen','2013-07-26 21:54:13','2013-07-26 21:54:13'),(1373,NULL,1,NULL,'Creado por el movimiento Origen','2013-07-26 21:54:13','2013-07-26 21:54:13'),(1374,NULL,1,NULL,'Creado por el movimiento Origen','2013-07-26 21:54:13','2013-07-26 21:54:13'),(1375,NULL,1,NULL,'Creado por el movimiento Origen','2013-07-26 21:54:13','2013-07-26 21:54:13'),(1376,NULL,1,NULL,'Creado por el movimiento Origen','2013-07-26 21:54:13','2013-07-26 21:54:13'),(1377,NULL,1,NULL,'Creado por el movimiento Origen','2013-07-26 21:54:13','2013-07-26 21:54:13'),(1378,NULL,1,NULL,'Creado por el movimiento Origen','2013-07-26 21:54:13','2013-07-26 21:54:13'),(1379,NULL,1,NULL,'Creado por el movimiento Origen','2013-07-26 21:54:13','2013-07-26 21:54:13'),(1380,NULL,1,NULL,'Creado por el movimiento Origen','2013-07-26 21:54:13','2013-07-26 21:54:13'),(1381,NULL,1,NULL,'Creado por el movimiento Origen','2013-07-26 21:54:13','2013-07-26 21:54:13'),(1382,NULL,1,NULL,'Creado por el movimiento Origen','2013-07-26 21:54:13','2013-07-26 21:54:13'),(1383,NULL,1,NULL,'Creado por el movimiento Origen','2013-07-26 21:54:14','2013-07-26 21:54:14'),(1384,NULL,1,NULL,'Creado por el movimiento Origen','2013-07-26 21:54:14','2013-07-26 21:54:14'),(1385,NULL,1,NULL,'Creado por el movimiento Origen','2013-07-26 21:54:14','2013-07-26 21:54:14'),(1386,NULL,1,NULL,'Creado por el movimiento Origen','2013-07-26 21:54:14','2013-07-26 21:54:14'),(1387,NULL,1,NULL,'Creado por el movimiento Origen','2013-07-26 21:54:14','2013-07-26 21:54:14'),(1388,NULL,1,NULL,'Creado por el movimiento Origen','2013-07-26 21:54:14','2013-07-26 21:54:14'),(1389,NULL,1,NULL,'Creado por el movimiento Origen','2013-07-26 21:54:14','2013-07-26 21:54:14'),(1390,NULL,1,NULL,'Creado por el movimiento Origen','2013-07-26 21:54:14','2013-07-26 21:54:14'),(1391,NULL,1,NULL,'Creado por el movimiento Origen','2013-07-26 21:54:14','2013-07-26 21:54:14'),(1392,NULL,1,NULL,'Creado por el movimiento Origen','2013-07-26 21:54:14','2013-07-26 21:54:14'),(1393,NULL,1,NULL,'Creado por el movimiento Origen','2013-07-26 21:54:14','2013-07-26 21:54:14'),(1394,NULL,1,NULL,'Creado por el movimiento Origen','2013-07-26 21:54:14','2013-07-26 21:54:14'),(1395,NULL,1,NULL,'Creado por el movimiento Origen','2013-07-26 21:54:14','2013-07-26 21:54:14'),(1396,NULL,1,NULL,'Creado por el movimiento Origen','2013-07-26 21:54:14','2013-07-26 21:54:14'),(1397,NULL,1,NULL,'Creado por el movimiento Origen','2013-07-26 21:54:14','2013-07-26 21:54:14'),(1398,NULL,1,NULL,'Creado por el movimiento Origen','2013-07-26 21:54:14','2013-07-26 21:54:14'),(1399,NULL,1,NULL,'Creado por el movimiento Origen','2013-07-26 21:54:14','2013-07-26 21:54:14'),(1400,NULL,1,NULL,'Creado por el movimiento Origen','2013-07-26 21:54:14','2013-07-26 21:54:14'),(1401,NULL,1,NULL,'Creado por el movimiento Origen','2013-07-26 21:54:14','2013-07-26 21:54:14'),(1402,NULL,1,NULL,'Creado por el movimiento Origen','2013-07-26 21:54:14','2013-07-26 21:54:14'),(1403,NULL,1,NULL,'Creado por el movimiento Origen','2013-07-26 21:54:14','2013-07-26 21:54:14'),(1404,NULL,1,NULL,'Creado por el movimiento Origen','2013-07-26 21:54:14','2013-07-26 21:54:14'),(1405,NULL,1,NULL,'Creado por el movimiento Origen','2013-07-26 21:54:15','2013-07-26 21:54:15'),(1406,NULL,1,NULL,'Creado por el movimiento Origen','2013-07-26 21:54:15','2013-07-26 21:54:15'),(1407,NULL,1,NULL,'Creado por el movimiento Origen','2013-07-26 21:54:15','2013-07-26 21:54:15'),(1408,NULL,1,NULL,'Creado por el movimiento Origen','2013-07-26 21:54:15','2013-07-26 21:54:15'),(1409,NULL,1,NULL,'Creado por el movimiento Origen','2013-07-26 21:54:15','2013-07-26 21:54:15'),(1410,NULL,1,NULL,'Creado por el movimiento Origen','2013-07-26 21:54:15','2013-07-26 21:54:15'),(1411,NULL,1,NULL,'Creado por el movimiento Origen','2013-07-26 21:54:15','2013-07-26 21:54:15'),(1412,NULL,1,NULL,'Creado por el movimiento Origen','2013-07-26 21:54:15','2013-07-26 21:54:15'),(1413,NULL,1,NULL,'Creado por el movimiento Origen','2013-07-26 21:54:15','2013-07-26 21:54:15'),(1414,NULL,1,NULL,'Creado por el movimiento Origen','2013-07-26 21:54:15','2013-07-26 21:54:15'),(1415,NULL,1,NULL,'Creado por el movimiento Origen','2013-07-26 21:54:15','2013-07-26 21:54:15'),(1416,NULL,1,NULL,'Creado por el movimiento Origen','2013-07-26 21:54:15','2013-07-26 21:54:15'),(1417,NULL,1,NULL,'Creado por el movimiento Origen','2013-07-26 21:54:15','2013-07-26 21:54:15'),(1418,NULL,1,NULL,'Creado por el movimiento Origen','2013-07-26 21:54:15','2013-07-26 21:54:15'),(1419,NULL,1,NULL,'Creado por el movimiento Origen','2013-07-26 21:54:15','2013-07-26 21:54:15'),(1420,NULL,1,NULL,'Creado por el movimiento Origen','2013-07-26 21:54:15','2013-07-26 21:54:15'),(1421,NULL,1,NULL,'Creado por el movimiento Origen','2013-07-26 21:54:15','2013-07-26 21:54:15'),(1422,NULL,1,NULL,'Creado por el movimiento Origen','2013-07-26 21:54:15','2013-07-26 21:54:15'),(1423,NULL,1,NULL,'Creado por el movimiento Origen','2013-07-26 21:54:15','2013-07-26 21:54:15'),(1424,NULL,1,NULL,'Creado por el movimiento Origen','2013-07-26 21:54:15','2013-07-26 21:54:15'),(1425,NULL,1,NULL,'Creado por el movimiento Origen','2013-07-26 21:54:15','2013-07-26 21:54:15'),(1426,NULL,1,NULL,'Creado por el movimiento Origen','2013-07-26 21:54:15','2013-07-26 21:54:15'),(1427,NULL,1,NULL,'Creado por el movimiento Origen','2013-07-26 21:54:15','2013-07-26 21:54:15'),(1428,NULL,1,NULL,'Creado por el movimiento Origen','2013-07-26 21:54:15','2013-07-26 21:54:15'),(1429,NULL,1,NULL,'Creado por el movimiento Origen','2013-07-26 21:54:15','2013-07-26 21:54:15'),(1430,NULL,1,NULL,'Creado por el movimiento Origen','2013-07-26 21:54:15','2013-07-26 21:54:15'),(1431,NULL,1,NULL,'Creado por el movimiento Origen','2013-07-26 21:54:15','2013-07-26 21:54:15'),(1432,NULL,1,NULL,'Creado por el movimiento Origen','2013-07-26 21:54:15','2013-07-26 21:54:15'),(1433,NULL,1,NULL,'Creado por el movimiento Origen','2013-07-26 21:54:15','2013-07-26 21:54:15'),(1434,NULL,0,NULL,'Creado por el movimiento Origen','2013-07-26 21:54:16','2013-07-31 22:46:51'),(1435,NULL,0,NULL,'Creado por el movimiento Origen','2013-07-26 21:54:16','2013-07-31 22:46:51'),(1436,NULL,0,NULL,'Creado por el movimiento Origen','2013-07-26 21:54:16','2013-07-31 22:46:51'),(1437,NULL,0,NULL,'Creado por el movimiento Origen','2013-07-26 21:54:16','2013-07-31 22:46:51'),(1438,NULL,0,NULL,'Creado por el movimiento Origen','2013-07-26 21:54:16','2013-07-31 22:46:51'),(1439,NULL,0,NULL,'Creado por el movimiento Origen','2013-07-26 21:54:16','2013-07-31 22:46:51'),(1440,NULL,1,NULL,'Creado por el movimiento Origen','2013-07-26 21:54:16','2013-07-26 21:54:16'),(1441,NULL,1,NULL,'Creado por el movimiento Origen','2013-07-26 21:54:16','2013-07-26 21:54:16'),(1442,NULL,1,NULL,'Creado por el movimiento Origen','2013-07-26 21:54:16','2013-07-26 21:54:16'),(1443,NULL,1,NULL,'Creado por el movimiento Origen','2013-07-26 21:54:16','2013-07-26 21:54:16'),(1444,NULL,1,NULL,'Creado por el movimiento Origen','2013-07-26 21:54:16','2013-07-26 21:54:16'),(1445,NULL,1,NULL,'Creado por el movimiento Origen','2013-07-26 21:54:16','2013-07-26 21:54:16'),(1446,NULL,1,NULL,'Creado por el movimiento Origen','2013-07-26 21:54:16','2013-07-26 21:54:16'),(1447,NULL,1,NULL,'Creado por el movimiento Origen','2013-07-26 21:54:16','2013-07-26 21:54:16'),(1448,NULL,1,NULL,'Creado por el movimiento Origen','2013-07-26 21:54:16','2013-07-26 21:54:16'),(1449,NULL,1,NULL,'Creado por el movimiento Origen','2013-07-26 21:54:16','2013-07-26 21:54:16'),(1450,NULL,1,NULL,'Creado por el movimiento Origen','2013-07-26 21:54:16','2013-07-26 21:54:16'),(1451,NULL,1,NULL,'Creado por el movimiento Origen','2013-07-26 21:54:16','2013-07-26 21:54:16'),(1452,NULL,1,NULL,'Creado por el movimiento 168','2013-07-26 21:54:42','2013-07-26 21:54:42'),(1453,NULL,1,NULL,'Creado por el movimiento 168','2013-07-26 21:54:42','2013-07-26 21:54:42'),(1454,NULL,1,NULL,'Creado por el movimiento 168','2013-07-26 21:54:43','2013-07-26 21:54:43'),(1455,NULL,1,NULL,'Creado por el movimiento 168','2013-07-26 21:54:43','2013-07-26 21:54:43'),(1456,NULL,1,NULL,'Creado por el movimiento 168','2013-07-26 21:54:43','2013-07-26 21:54:43'),(1457,NULL,1,NULL,'Creado por el movimiento 168','2013-07-26 21:54:43','2013-07-26 21:54:43'),(1458,NULL,1,NULL,'Creado por el movimiento 168','2013-07-26 21:54:43','2013-07-26 21:54:43'),(1459,NULL,1,NULL,'Creado por el movimiento 168','2013-07-26 21:54:43','2013-07-26 21:54:43'),(1460,NULL,1,NULL,'Creado por el movimiento 168','2013-07-26 21:54:43','2013-07-26 21:54:43'),(1461,NULL,1,NULL,'Creado por el movimiento 168','2013-07-26 21:54:43','2013-07-26 21:54:43'),(1462,NULL,1,NULL,'Creado por el movimiento 168','2013-07-26 21:54:43','2013-07-26 21:54:43'),(1463,NULL,1,NULL,'Creado por el movimiento 168','2013-07-26 21:54:43','2013-07-26 21:54:43'),(1464,NULL,1,NULL,'Creado por el movimiento 168','2013-07-26 21:54:43','2013-07-26 21:54:43'),(1465,NULL,1,NULL,'Creado por el movimiento 168','2013-07-26 21:54:43','2013-07-26 21:54:43'),(1466,NULL,1,NULL,'Creado por el movimiento 168','2013-07-26 21:54:43','2013-07-26 21:54:43'),(1467,NULL,1,NULL,'Creado por el movimiento 168','2013-07-26 21:54:43','2013-07-26 21:54:43'),(1468,NULL,1,NULL,'Creado por el movimiento 168','2013-07-26 21:54:43','2013-07-26 21:54:43'),(1469,NULL,1,NULL,'Creado por el movimiento 168','2013-07-26 21:54:43','2013-07-26 21:54:43'),(1470,NULL,1,NULL,'Creado por el movimiento 168','2013-07-26 21:54:43','2013-07-26 21:54:43'),(1471,NULL,1,NULL,'Creado por el movimiento 168','2013-07-26 21:54:43','2013-07-26 21:54:43'),(1472,NULL,1,NULL,'Creado por el movimiento 168','2013-07-26 21:54:43','2013-07-26 21:54:43'),(1473,NULL,1,NULL,'Creado por el movimiento 168','2013-07-26 21:54:43','2013-07-26 21:54:43'),(1474,NULL,1,NULL,'Creado por el movimiento 168','2013-07-26 21:54:43','2013-07-26 21:54:43'),(1475,NULL,1,NULL,'Creado por el movimiento 168','2013-07-26 21:54:43','2013-07-26 21:54:43'),(1476,NULL,1,NULL,'Creado por el movimiento 168','2013-07-26 21:54:43','2013-07-26 21:54:43'),(1477,NULL,1,NULL,'Creado por el movimiento 168','2013-07-26 21:54:43','2013-07-26 21:54:43'),(1478,NULL,1,NULL,'Creado por el movimiento 168','2013-07-26 21:54:43','2013-07-26 21:54:43'),(1479,NULL,1,NULL,'Creado por el movimiento 168','2013-07-26 21:54:43','2013-07-26 21:54:43'),(1480,NULL,1,NULL,'Creado por el movimiento 168','2013-07-26 21:54:43','2013-07-26 21:54:43'),(1481,NULL,1,NULL,'Creado por el movimiento 168','2013-07-26 21:54:43','2013-07-26 21:54:43'),(1482,NULL,1,NULL,'Creado por el movimiento 168','2013-07-26 21:54:43','2013-07-26 21:54:43'),(1483,NULL,1,NULL,'Creado por el movimiento 168','2013-07-26 21:54:44','2013-07-26 21:54:44'),(1484,NULL,1,NULL,'Creado por el movimiento 168','2013-07-26 21:54:44','2013-07-26 21:54:44'),(1485,NULL,1,NULL,'Creado por el movimiento 168','2013-07-26 21:54:44','2013-07-26 21:54:44'),(1486,NULL,1,NULL,'Creado por el movimiento 168','2013-07-26 21:54:44','2013-07-26 21:54:44'),(1487,NULL,1,NULL,'Creado por el movimiento 168','2013-07-26 21:54:44','2013-07-26 21:54:44'),(1488,NULL,1,NULL,'Creado por el movimiento 168','2013-07-26 21:54:44','2013-07-26 21:54:44'),(1489,NULL,1,NULL,'Creado por el movimiento 168','2013-07-26 21:54:44','2013-07-26 21:54:44'),(1490,NULL,1,NULL,'Creado por el movimiento 168','2013-07-26 21:54:44','2013-07-26 21:54:44'),(1491,NULL,1,NULL,'Creado por el movimiento 168','2013-07-26 21:54:44','2013-07-26 21:54:44'),(1492,NULL,1,NULL,'Creado por el movimiento 168','2013-07-26 21:54:44','2013-07-26 21:54:44'),(1493,NULL,1,NULL,'Creado por el movimiento 168','2013-07-26 21:54:44','2013-07-26 21:54:44'),(1494,NULL,1,NULL,'Creado por el movimiento 168','2013-07-26 21:54:44','2013-07-26 21:54:44'),(1495,NULL,1,NULL,'Creado por el movimiento 168','2013-07-26 21:54:44','2013-07-26 21:54:44'),(1496,NULL,1,NULL,'Creado por el movimiento 168','2013-07-26 21:54:44','2013-07-26 21:54:44'),(1497,NULL,1,NULL,'Creado por el movimiento 168','2013-07-26 21:54:44','2013-07-26 21:54:44'),(1498,NULL,1,NULL,'Creado por el movimiento 168','2013-07-26 21:54:44','2013-07-26 21:54:44'),(1499,NULL,1,NULL,'Creado por el movimiento 168','2013-07-26 21:54:44','2013-07-26 21:54:44'),(1500,NULL,1,NULL,'Creado por el movimiento 168','2013-07-26 21:54:44','2013-07-26 21:54:44'),(1501,NULL,1,NULL,'Creado por el movimiento 168','2013-07-26 21:54:44','2013-07-26 21:54:44'),(1502,NULL,1,NULL,'Creado por el movimiento 168','2013-07-26 21:54:44','2013-07-26 21:54:44'),(1503,NULL,1,NULL,'Creado por el movimiento 168','2013-07-26 21:54:44','2013-07-26 21:54:44'),(1504,NULL,1,NULL,'Creado por el movimiento 168','2013-07-26 21:54:44','2013-07-26 21:54:44'),(1505,NULL,1,NULL,'Creado por el movimiento 168','2013-07-26 21:54:44','2013-07-26 21:54:44'),(1506,NULL,0,NULL,'Creado por el movimiento 168','2013-07-26 21:54:44','2013-07-31 22:46:51'),(1507,NULL,0,NULL,'Creado por el movimiento 168','2013-07-26 21:54:45','2013-07-31 22:46:51'),(1508,NULL,0,NULL,'Creado por el movimiento 168','2013-07-26 21:54:45','2013-07-31 22:46:51'),(1509,NULL,0,NULL,'Creado por el movimiento 168','2013-07-26 21:54:45','2013-07-31 22:46:51'),(1510,NULL,0,NULL,'Creado por el movimiento 168','2013-07-26 21:54:45','2013-07-31 22:46:51'),(1511,NULL,0,NULL,'Creado por el movimiento 168','2013-07-26 21:54:45','2013-07-31 22:38:31'),(1512,NULL,0,NULL,'Creado por el movimiento 168','2013-07-26 21:54:45','2013-07-31 22:38:31'),(1513,NULL,0,NULL,'Creado por el movimiento 168','2013-07-26 21:54:45','2013-07-31 22:38:31'),(1514,NULL,0,NULL,'Creado por el movimiento 168','2013-07-26 21:54:45','2013-07-31 22:38:32'),(1515,NULL,0,NULL,'Creado por el movimiento 168','2013-07-26 21:54:45','2013-07-31 22:38:32'),(1516,NULL,0,NULL,'Creado por el movimiento 168','2013-07-26 21:54:45','2013-07-31 22:38:32'),(1517,NULL,0,NULL,'Creado por el movimiento 168','2013-07-26 21:54:45','2013-07-31 22:38:32'),(1518,NULL,0,NULL,'Creado por el movimiento 168','2013-07-26 21:54:45','2013-07-31 22:38:32'),(1519,NULL,0,NULL,'Creado por el movimiento 168','2013-07-26 21:54:45','2013-07-31 22:38:32'),(1520,NULL,0,NULL,'Creado por el movimiento 168','2013-07-26 21:54:46','2013-07-31 22:38:32'),(1521,NULL,0,NULL,'Creado por el movimiento 168','2013-07-26 21:54:46','2013-07-31 22:38:32'),(1522,NULL,0,NULL,'Creado por el movimiento 168','2013-07-26 21:54:46','2013-07-31 22:39:38'),(1523,NULL,1,NULL,'Creado por el movimiento 168','2013-07-26 21:54:46','2013-07-26 21:54:46'),(1524,NULL,1,NULL,'Creado por el movimiento 168','2013-07-26 21:54:46','2013-07-26 21:54:46'),(1525,NULL,1,NULL,'Creado por el movimiento 168','2013-07-26 21:54:46','2013-07-26 21:54:46'),(1526,NULL,1,NULL,'Creado por el movimiento 168','2013-07-26 21:54:46','2013-07-26 21:54:46'),(1527,NULL,1,NULL,'Creado por el movimiento 168','2013-07-26 21:54:46','2013-07-26 21:54:46'),(1528,NULL,1,NULL,'Creado por el movimiento 168','2013-07-26 21:54:46','2013-07-26 21:54:46'),(1529,NULL,1,NULL,'Creado por el movimiento 168','2013-07-26 21:54:46','2013-07-26 21:54:46'),(1530,NULL,1,NULL,'Creado por el movimiento 168','2013-07-26 21:54:46','2013-07-26 21:54:46'),(1531,NULL,1,NULL,'Creado por el movimiento 168','2013-07-26 21:54:46','2013-07-26 21:54:46'),(1532,NULL,1,NULL,'Creado por el movimiento 168','2013-07-26 21:54:46','2013-07-26 21:54:46'),(1533,NULL,1,NULL,'Creado por el movimiento 168','2013-07-26 21:54:46','2013-07-26 21:54:46'),(1534,NULL,1,NULL,'Creado por el movimiento 168','2013-07-26 21:54:46','2013-07-26 21:54:46'),(1535,NULL,1,NULL,'Creado por el movimiento 169','2013-07-26 21:55:30','2013-07-26 21:55:30'),(1536,NULL,1,NULL,'Creado por el movimiento 169','2013-07-26 21:55:30','2013-07-26 21:55:30'),(1537,NULL,1,NULL,'Creado por el movimiento 169','2013-07-26 21:55:30','2013-07-26 21:55:30'),(1538,NULL,1,NULL,'Creado por el movimiento 169','2013-07-26 21:55:30','2013-07-26 21:55:30'),(1539,NULL,1,NULL,'Creado por el movimiento 169','2013-07-26 21:55:30','2013-07-26 21:55:30'),(1540,NULL,1,NULL,'Creado por el movimiento 169','2013-07-26 21:55:30','2013-07-26 21:55:30'),(1541,NULL,1,NULL,'Creado por el movimiento 169','2013-07-26 21:55:30','2013-07-26 21:55:30'),(1542,NULL,1,NULL,'Creado por el movimiento 169','2013-07-26 21:55:30','2013-07-26 21:55:30'),(1543,NULL,1,NULL,'Creado por el movimiento 169','2013-07-26 21:55:30','2013-07-26 21:55:30'),(1544,NULL,1,NULL,'Creado por el movimiento 169','2013-07-26 21:55:30','2013-07-26 21:55:30'),(1545,NULL,1,NULL,'Creado por el movimiento 169','2013-07-26 21:55:30','2013-07-26 21:55:30'),(1546,NULL,1,NULL,'Creado por el movimiento 169','2013-07-26 21:55:30','2013-07-26 21:55:30'),(1547,NULL,1,NULL,'Creado por el movimiento 169','2013-07-26 21:55:30','2013-07-26 21:55:30'),(1548,NULL,1,NULL,'Creado por el movimiento 169','2013-07-26 21:55:30','2013-07-26 21:55:30'),(1549,NULL,1,NULL,'Creado por el movimiento 169','2013-07-26 21:55:30','2013-07-26 21:55:30'),(1550,NULL,1,NULL,'Creado por el movimiento 169','2013-07-26 21:55:30','2013-07-26 21:55:30'),(1551,NULL,1,NULL,'Creado por el movimiento 169','2013-07-26 21:55:30','2013-07-26 21:55:30'),(1552,NULL,1,NULL,'Creado por el movimiento 169','2013-07-26 21:55:30','2013-07-26 21:55:30'),(1553,NULL,1,NULL,'Creado por el movimiento 169','2013-07-26 21:55:30','2013-07-26 21:55:30'),(1554,NULL,1,NULL,'Creado por el movimiento 169','2013-07-26 21:55:30','2013-07-26 21:55:30'),(1555,NULL,1,NULL,'Creado por el movimiento 169','2013-07-26 21:55:30','2013-07-26 21:55:30'),(1556,NULL,1,NULL,'Creado por el movimiento 169','2013-07-26 21:55:30','2013-07-26 21:55:30'),(1557,NULL,1,NULL,'Creado por el movimiento 169','2013-07-26 21:55:30','2013-07-26 21:55:30'),(1558,NULL,1,NULL,'Creado por el movimiento 169','2013-07-26 21:55:30','2013-07-26 21:55:30'),(1559,NULL,1,NULL,'Creado por el movimiento 169','2013-07-26 21:55:30','2013-07-26 21:55:30'),(1560,NULL,1,NULL,'Creado por el movimiento 169','2013-07-26 21:55:30','2013-07-26 21:55:30'),(1561,NULL,1,NULL,'Creado por el movimiento 169','2013-07-26 21:55:31','2013-07-26 21:55:31'),(1562,NULL,1,NULL,'Creado por el movimiento 170','2013-07-26 21:55:55','2013-07-26 21:55:55'),(1563,NULL,1,NULL,'Creado por el movimiento 170','2013-07-26 21:55:55','2013-07-26 21:55:55'),(1564,NULL,1,NULL,'Creado por el movimiento 170','2013-07-26 21:55:55','2013-07-26 21:55:55'),(1565,NULL,1,NULL,'Creado por el movimiento 170','2013-07-26 21:55:55','2013-07-26 21:55:55'),(1566,NULL,1,NULL,'Creado por el movimiento 170','2013-07-26 21:55:55','2013-07-26 21:55:55'),(1567,NULL,1,NULL,'Creado por el movimiento 170','2013-07-26 21:55:55','2013-07-26 21:55:55'),(1568,NULL,1,NULL,'Creado por el movimiento 170','2013-07-26 21:55:55','2013-07-26 21:55:55'),(1569,NULL,1,NULL,'Creado por el movimiento 170','2013-07-26 21:55:55','2013-07-26 21:55:55'),(1570,NULL,1,NULL,'Creado por el movimiento 170','2013-07-26 21:55:55','2013-07-26 21:55:55'),(1571,NULL,1,NULL,'Creado por el movimiento 170','2013-07-26 21:55:56','2013-07-26 21:55:56'),(1572,NULL,1,NULL,'Creado por el movimiento 170','2013-07-26 21:55:56','2013-07-26 21:55:56'),(1573,NULL,1,NULL,'Creado por el movimiento 170','2013-07-26 21:55:56','2013-07-26 21:55:56'),(1574,NULL,1,NULL,'Creado por el movimiento 170','2013-07-26 21:55:56','2013-07-26 21:55:56'),(1575,NULL,1,NULL,'Creado por el movimiento 170','2013-07-26 21:55:56','2013-07-26 21:55:56'),(1576,NULL,1,NULL,'Creado por el movimiento 170','2013-07-26 21:55:56','2013-07-26 21:55:56'),(1577,NULL,1,NULL,'Creado por el movimiento 170','2013-07-26 21:55:56','2013-07-26 21:55:56'),(1578,NULL,1,NULL,'Creado por el movimiento 170','2013-07-26 21:55:56','2013-07-26 21:55:56'),(1579,NULL,1,NULL,'Creado por el movimiento 170','2013-07-26 21:55:56','2013-07-26 21:55:56'),(1580,NULL,1,NULL,'Creado por el movimiento 170','2013-07-26 21:55:56','2013-07-26 21:55:56'),(1581,NULL,1,NULL,'Creado por el movimiento 170','2013-07-26 21:55:56','2013-07-26 21:55:56'),(1582,NULL,1,NULL,'Creado por el movimiento 170','2013-07-26 21:55:56','2013-07-26 21:55:56'),(1583,NULL,1,NULL,'Creado por el movimiento 170','2013-07-26 21:55:56','2013-07-26 21:55:56'),(1584,NULL,1,NULL,'Creado por el movimiento 170','2013-07-26 21:55:56','2013-07-26 21:55:56'),(1585,NULL,1,NULL,'Creado por el movimiento 170','2013-07-26 21:55:56','2013-07-26 21:55:56'),(1586,NULL,1,NULL,'Creado por el movimiento 170','2013-07-26 21:55:56','2013-07-26 21:55:56'),(1587,NULL,1,NULL,'Creado por el movimiento 170','2013-07-26 21:55:56','2013-07-26 21:55:56'),(1588,NULL,1,NULL,'Creado por el movimiento 170','2013-07-26 21:55:56','2013-07-26 21:55:56'),(1589,NULL,1,NULL,'Creado por el movimiento 170','2013-07-26 21:55:56','2013-07-26 21:55:56'),(1590,NULL,1,NULL,'Creado por el movimiento 170','2013-07-26 21:55:56','2013-07-26 21:55:56'),(1591,NULL,1,NULL,'Creado por el movimiento 170','2013-07-26 21:55:56','2013-07-26 21:55:56'),(1592,NULL,1,NULL,'Creado por el movimiento 170','2013-07-26 21:55:56','2013-07-26 21:55:56'),(1593,NULL,1,NULL,'Creado por el movimiento 187','2013-08-01 00:25:37','2013-08-01 00:25:37'),(1594,NULL,1,NULL,'Creado por el movimiento 187','2013-08-01 00:25:37','2013-08-01 00:25:37'),(1595,NULL,1,NULL,'Creado por el movimiento 187','2013-08-01 00:25:37','2013-08-01 00:25:37'),(1596,NULL,1,NULL,'Creado por el movimiento 187','2013-08-01 00:25:37','2013-08-01 00:25:37'),(1597,NULL,1,NULL,'Creado por el movimiento 187','2013-08-01 00:25:38','2013-08-01 00:25:38'),(1598,NULL,1,NULL,'Creado por el movimiento 187','2013-08-01 00:25:38','2013-08-01 00:25:38'),(1599,NULL,1,NULL,'Creado por el movimiento 187','2013-08-01 00:25:38','2013-08-01 00:25:38'),(1600,NULL,1,NULL,'Creado por el movimiento 187','2013-08-01 00:25:38','2013-08-01 00:25:38'),(1601,NULL,1,NULL,'Creado por el movimiento 187','2013-08-01 00:25:38','2013-08-01 00:25:38'),(1602,NULL,1,NULL,'Creado por el movimiento 187','2013-08-01 00:25:38','2013-08-01 00:25:38'),(1603,NULL,1,NULL,'Creado por el movimiento 187','2013-08-01 00:25:38','2013-08-01 00:25:38'),(1604,NULL,1,NULL,'Creado por el movimiento 187','2013-08-01 00:25:38','2013-08-01 00:25:38'),(1605,NULL,1,NULL,'Creado por el movimiento 187','2013-08-01 00:25:38','2013-08-01 00:25:38'),(1606,NULL,1,NULL,'Creado por el movimiento 187','2013-08-01 00:25:38','2013-08-01 00:25:38'),(1607,NULL,1,NULL,'Creado por el movimiento 187','2013-08-01 00:25:38','2013-08-01 00:25:38'),(1608,NULL,1,NULL,'Creado por el movimiento 187','2013-08-01 00:25:39','2013-08-01 00:25:39'),(1609,NULL,1,NULL,'Creado por el movimiento 187','2013-08-01 00:25:39','2013-08-01 00:25:39'),(1610,NULL,1,NULL,'Creado por el movimiento 187','2013-08-01 00:25:39','2013-08-01 00:25:39'),(1611,NULL,1,NULL,'Creado por el movimiento 187','2013-08-01 00:25:39','2013-08-01 00:25:39'),(1612,NULL,1,NULL,'Creado por el movimiento 187','2013-08-01 00:25:39','2013-08-01 00:25:39'),(1613,NULL,1,NULL,'Creado por el movimiento 187','2013-08-01 00:25:39','2013-08-01 00:25:39'),(1614,NULL,1,NULL,'Creado por el movimiento 187','2013-08-01 00:25:39','2013-08-01 00:25:39'),(1615,NULL,1,NULL,'Creado por el movimiento 187','2013-08-01 00:25:39','2013-08-01 00:25:39'),(1616,NULL,1,NULL,'Creado por el movimiento 187','2013-08-01 00:25:39','2013-08-01 00:25:39'),(1617,NULL,1,NULL,'Creado por el movimiento 187','2013-08-01 00:25:39','2013-08-01 00:25:39'),(1618,NULL,1,NULL,'Creado por el movimiento 187','2013-08-01 00:25:39','2013-08-01 00:25:39'),(1619,NULL,1,NULL,'Creado por el movimiento 187','2013-08-01 00:25:40','2013-08-01 00:25:40'),(1620,NULL,1,NULL,'Creado por el movimiento 187','2013-08-01 00:25:40','2013-08-01 00:25:40'),(1621,NULL,1,NULL,'Creado por el movimiento 187','2013-08-01 00:25:40','2013-08-01 00:25:40'),(1622,NULL,1,NULL,'Creado por el movimiento 187','2013-08-01 00:25:40','2013-08-01 00:25:40'),(1623,NULL,1,NULL,'Creado por el movimiento 187','2013-08-01 00:25:40','2013-08-01 00:25:40'),(1624,NULL,1,NULL,'Creado por el movimiento 187','2013-08-01 00:25:40','2013-08-01 00:25:40'),(1625,NULL,1,NULL,'Creado por el movimiento 187','2013-08-01 00:25:40','2013-08-01 00:25:40'),(1626,NULL,1,NULL,'Creado por el movimiento 187','2013-08-01 00:25:40','2013-08-01 00:25:40'),(1627,NULL,1,NULL,'Creado por el movimiento 187','2013-08-01 00:25:40','2013-08-01 00:25:40'),(1628,NULL,1,NULL,'Creado por el movimiento 187','2013-08-01 00:25:40','2013-08-01 00:25:40'),(1629,NULL,1,NULL,'Creado por el movimiento 187','2013-08-01 00:25:40','2013-08-01 00:25:40'),(1630,NULL,1,NULL,'Creado por el movimiento 187','2013-08-01 00:25:40','2013-08-01 00:25:40'),(1631,NULL,1,NULL,'Creado por el movimiento 187','2013-08-01 00:25:41','2013-08-01 00:25:41'),(1632,NULL,1,NULL,'Creado por el movimiento 187','2013-08-01 00:25:41','2013-08-01 00:25:41'),(1633,NULL,1,NULL,'Creado por el movimiento 187','2013-08-01 00:25:41','2013-08-01 00:25:41'),(1634,NULL,1,NULL,'Creado por el movimiento 187','2013-08-01 00:25:41','2013-08-01 00:25:41'),(1635,NULL,1,NULL,'Creado por el movimiento 187','2013-08-01 00:25:41','2013-08-01 00:25:41'),(1636,NULL,1,NULL,'Creado por el movimiento 187','2013-08-01 00:25:41','2013-08-01 00:25:41'),(1637,NULL,1,NULL,'Creado por el movimiento 187','2013-08-01 00:25:41','2013-08-01 00:25:41'),(1638,NULL,1,NULL,'Creado por el movimiento 187','2013-08-01 00:25:41','2013-08-01 00:25:41'),(1639,NULL,1,NULL,'Creado por el movimiento 187','2013-08-01 00:25:41','2013-08-01 00:25:41'),(1640,NULL,1,NULL,'Creado por el movimiento 187','2013-08-01 00:25:41','2013-08-01 00:25:41'),(1641,NULL,1,NULL,'Creado por el movimiento 187','2013-08-01 00:25:41','2013-08-01 00:25:41'),(1642,NULL,1,NULL,'Creado por el movimiento 187','2013-08-01 00:25:41','2013-08-01 00:25:41'),(1643,NULL,1,NULL,'Creado por el movimiento 187','2013-08-01 00:25:41','2013-08-01 00:25:41'),(1644,NULL,1,NULL,'Creado por el movimiento 187','2013-08-01 00:25:41','2013-08-01 00:25:41'),(1645,NULL,1,NULL,'Creado por el movimiento 187','2013-08-01 00:25:42','2013-08-01 00:25:42'),(1646,NULL,1,NULL,'Creado por el movimiento 187','2013-08-01 00:25:42','2013-08-01 00:25:42'),(1647,NULL,1,NULL,'Creado por el movimiento 187','2013-08-01 00:25:42','2013-08-01 00:25:42'),(1648,NULL,1,NULL,'Creado por el movimiento 187','2013-08-01 00:25:42','2013-08-01 00:25:42'),(1649,NULL,1,NULL,'Creado por el movimiento 187','2013-08-01 00:25:42','2013-08-01 00:25:42'),(1650,NULL,1,NULL,'Creado por el movimiento 187','2013-08-01 00:25:42','2013-08-01 00:25:42'),(1651,NULL,1,NULL,'Creado por el movimiento 187','2013-08-01 00:25:42','2013-08-01 00:25:42'),(1652,NULL,1,NULL,'Creado por el movimiento 187','2013-08-01 00:25:42','2013-08-01 00:25:42'),(1653,NULL,1,NULL,'Creado por el movimiento 187','2013-08-01 00:25:42','2013-08-01 00:25:42'),(1654,NULL,1,NULL,'Creado por el movimiento 187','2013-08-01 00:25:42','2013-08-01 00:25:42'),(1655,NULL,1,NULL,'Creado por el movimiento 187','2013-08-01 00:25:42','2013-08-01 00:25:42'),(1656,NULL,1,NULL,'Creado por el movimiento 187','2013-08-01 00:25:42','2013-08-01 00:25:42'),(1657,NULL,1,NULL,'Creado por el movimiento 187','2013-08-01 00:25:43','2013-08-01 00:25:43'),(1658,NULL,1,NULL,'Creado por el movimiento 187','2013-08-01 00:25:43','2013-08-01 00:25:43'),(1659,NULL,1,NULL,'Creado por el movimiento 187','2013-08-01 00:25:43','2013-08-01 00:25:43'),(1660,NULL,1,NULL,'Creado por el movimiento 187','2013-08-01 00:25:43','2013-08-01 00:25:43'),(1661,NULL,1,NULL,'Creado por el movimiento 187','2013-08-01 00:25:43','2013-08-01 00:25:43'),(1662,NULL,1,NULL,'Creado por el movimiento 187','2013-08-01 00:25:43','2013-08-01 00:25:43'),(1663,NULL,1,NULL,'Creado por el movimiento 187','2013-08-01 00:25:43','2013-08-01 00:25:43'),(1664,NULL,1,NULL,'Creado por el movimiento 187','2013-08-01 00:25:43','2013-08-01 00:25:43'),(1665,NULL,1,NULL,'Creado por el movimiento 188','2013-08-01 00:27:22','2013-08-01 00:27:22'),(1666,NULL,1,NULL,'Creado por el movimiento 188','2013-08-01 00:27:22','2013-08-01 00:27:22'),(1667,NULL,1,NULL,'Creado por el movimiento 188','2013-08-01 00:27:22','2013-08-01 00:27:22'),(1675,NULL,1,NULL,'Creado por el movimiento 189','2013-08-01 03:56:29','2013-08-01 03:56:29'),(1676,NULL,1,NULL,'Creado por el movimiento 189','2013-08-01 03:56:29','2013-08-01 03:56:29'),(1677,NULL,1,NULL,'Creado por el movimiento 189','2013-08-01 03:56:29','2013-08-01 03:56:29'),(1678,NULL,1,NULL,'Creado por el movimiento 189','2013-08-01 03:56:29','2013-08-01 03:56:29'),(1679,NULL,1,NULL,'Creado por el movimiento 206','2013-08-15 17:31:51','2013-08-15 17:31:51'),(1680,NULL,1,NULL,'Creado por el movimiento 206','2013-08-15 17:31:51','2013-08-15 17:31:51'),(1681,NULL,1,NULL,'Creado por el movimiento 206','2013-08-15 17:31:52','2013-08-15 17:31:52'),(1682,NULL,1,NULL,'Creado por el movimiento 207','2013-08-15 17:32:53','2013-08-15 17:32:53'),(1683,NULL,1,NULL,'Creado por el movimiento 208','2013-08-15 17:33:47','2013-08-15 17:33:47'),(1684,NULL,1,NULL,'Creado por el movimiento 208','2013-08-15 17:33:47','2013-08-15 17:33:47'),(1685,NULL,1,NULL,'Creado por el movimiento 209','2013-08-15 17:36:16','2013-08-15 17:36:16'),(1686,NULL,1,NULL,'Creado por el movimiento 210','2013-08-15 19:13:38','2013-08-15 19:13:38'),(1687,NULL,1,NULL,'Creado por el movimiento 210','2013-08-15 19:13:38','2013-08-15 19:13:38'),(1688,NULL,1,NULL,'Creado por el movimiento 210','2013-08-15 19:13:38','2013-08-15 19:13:38'),(1689,NULL,1,NULL,'Creado por el movimiento 210','2013-08-15 19:13:38','2013-08-15 19:13:38'),(1690,NULL,1,NULL,'Creado por el movimiento 211','2013-08-22 14:58:45','2013-08-22 14:58:45'),(1691,NULL,1,NULL,'Creado por el movimiento 211','2013-08-22 14:58:46','2013-08-22 14:58:46'),(1692,NULL,1,NULL,'Creado por el movimiento 212','2013-08-22 15:05:07','2013-08-22 15:05:07'),(1693,NULL,1,NULL,'Creado por el movimiento 213','2013-08-25 19:38:32','2013-08-25 19:38:32'),(1694,NULL,1,NULL,'Creado por el movimiento 213','2013-08-25 19:38:32','2013-08-25 19:38:32'),(1695,NULL,1,NULL,'Creado por el movimiento 213','2013-08-25 19:38:32','2013-08-25 19:38:32'),(1696,NULL,1,NULL,'Creado por el movimiento 213','2013-08-25 19:38:33','2013-08-25 19:38:33'),(1697,NULL,1,NULL,'Creado por el movimiento 213','2013-08-25 19:38:33','2013-08-25 19:38:33'),(1698,NULL,1,NULL,'Creado por el movimiento 213','2013-08-25 19:38:33','2013-08-25 19:38:33'),(1699,NULL,1,NULL,'Creado por el movimiento 213','2013-08-25 19:38:33','2013-08-25 19:38:33'),(1700,NULL,1,NULL,'Creado por el movimiento 213','2013-08-25 19:38:33','2013-08-25 19:38:33'),(1701,NULL,1,NULL,'Creado por el movimiento 213','2013-08-25 19:38:33','2013-08-25 19:38:33'),(1702,NULL,1,NULL,'Creado por el movimiento 213','2013-08-25 19:38:33','2013-08-25 19:38:33'),(1703,NULL,1,NULL,'Creado por el movimiento 213','2013-08-25 19:38:33','2013-08-25 19:38:33'),(1704,NULL,1,NULL,'Creado por el movimiento 213','2013-08-25 19:38:33','2013-08-25 19:38:33'),(1705,NULL,1,NULL,'Creado por el movimiento 213','2013-08-25 19:38:33','2013-08-25 19:38:33'),(1706,NULL,1,NULL,'Creado por el movimiento 213','2013-08-25 19:38:33','2013-08-25 19:38:33'),(1707,NULL,1,NULL,'Creado por el movimiento 213','2013-08-25 19:38:33','2013-08-25 19:38:33'),(1708,NULL,1,NULL,'Creado por el movimiento 213','2013-08-25 19:38:33','2013-08-25 19:38:33'),(1709,NULL,1,NULL,'Creado por el movimiento 213','2013-08-25 19:38:33','2013-08-25 19:38:33'),(1710,NULL,1,NULL,'Creado por el movimiento 213','2013-08-25 19:38:33','2013-08-25 19:38:33'),(1711,NULL,1,NULL,'Creado por el movimiento 213','2013-08-25 19:38:33','2013-08-25 19:38:33'),(1712,NULL,1,NULL,'Creado por el movimiento 213','2013-08-25 19:38:34','2013-08-25 19:38:34'),(1713,NULL,1,NULL,'Creado por el movimiento 213','2013-08-25 19:38:34','2013-08-25 19:38:34'),(1714,NULL,1,NULL,'Creado por el movimiento 213','2013-08-25 19:38:34','2013-08-25 19:38:34'),(1715,NULL,1,NULL,'Creado por el movimiento 213','2013-08-25 19:38:34','2013-08-25 19:38:34'),(1716,NULL,1,NULL,'Creado por el movimiento 213','2013-08-25 19:38:34','2013-08-25 19:38:34'),(1717,NULL,1,NULL,'Creado por el movimiento 213','2013-08-25 19:38:34','2013-08-25 19:38:34'),(1718,NULL,1,NULL,'Creado por el movimiento 213','2013-08-25 19:38:34','2013-08-25 19:38:34'),(1719,NULL,1,NULL,'Creado por el movimiento 213','2013-08-25 19:38:34','2013-08-25 19:38:34'),(1720,NULL,1,NULL,'Creado por el movimiento 213','2013-08-25 19:38:34','2013-08-25 19:38:34'),(1721,NULL,1,NULL,'Creado por el movimiento 213','2013-08-25 19:38:34','2013-08-25 19:38:34'),(1722,NULL,1,NULL,'Creado por el movimiento 213','2013-08-25 19:38:34','2013-08-25 19:38:34'),(1723,NULL,1,NULL,'Creado por el movimiento 213','2013-08-25 19:38:34','2013-08-25 19:38:34'),(1724,NULL,1,NULL,'Creado por el movimiento 213','2013-08-25 19:38:34','2013-08-25 19:38:34'),(1725,NULL,1,NULL,'Creado por el movimiento 213','2013-08-25 19:38:34','2013-08-25 19:38:34'),(1726,NULL,1,NULL,'Creado por el movimiento 213','2013-08-25 19:38:34','2013-08-25 19:38:34'),(1727,NULL,1,NULL,'Creado por el movimiento 213','2013-08-25 19:38:34','2013-08-25 19:38:34'),(1728,NULL,1,NULL,'Creado por el movimiento 213','2013-08-25 19:38:34','2013-08-25 19:38:34'),(1729,NULL,1,NULL,'Creado por el movimiento 213','2013-08-25 19:38:34','2013-08-25 19:38:34'),(1730,NULL,1,NULL,'Creado por el movimiento 213','2013-08-25 19:38:34','2013-08-25 19:38:34'),(1731,NULL,1,NULL,'Creado por el movimiento 213','2013-08-25 19:38:34','2013-08-25 19:38:34'),(1732,NULL,1,NULL,'Creado por el movimiento 213','2013-08-25 19:38:34','2013-08-25 19:38:34'),(1733,NULL,1,NULL,'Creado por el movimiento 213','2013-08-25 19:38:34','2013-08-25 19:38:34'),(1734,NULL,1,NULL,'Creado por el movimiento 213','2013-08-25 19:38:34','2013-08-25 19:38:34'),(1735,NULL,1,NULL,'Creado por el movimiento 213','2013-08-25 19:38:35','2013-08-25 19:38:35'),(1736,NULL,1,NULL,'Creado por el movimiento 213','2013-08-25 19:38:35','2013-08-25 19:38:35'),(1737,NULL,1,NULL,'Creado por el movimiento 213','2013-08-25 19:38:35','2013-08-25 19:38:35'),(1738,NULL,1,NULL,'Creado por el movimiento 213','2013-08-25 19:38:35','2013-08-25 19:38:35'),(1739,NULL,1,NULL,'Creado por el movimiento 213','2013-08-25 19:38:35','2013-08-25 19:38:35'),(1740,NULL,1,NULL,'Creado por el movimiento 213','2013-08-25 19:38:35','2013-08-25 19:38:35'),(1741,NULL,1,NULL,'Creado por el movimiento 213','2013-08-25 19:38:35','2013-08-25 19:38:35'),(1742,NULL,1,NULL,'Creado por el movimiento 213','2013-08-25 19:38:35','2013-08-25 19:38:35'),(1743,NULL,1,NULL,'Creado por el movimiento 213','2013-08-25 19:38:35','2013-08-25 19:38:35'),(1744,NULL,1,NULL,'Creado por el movimiento 213','2013-08-25 19:38:35','2013-08-25 19:38:35'),(1745,NULL,1,NULL,'Creado por el movimiento 213','2013-08-25 19:38:35','2013-08-25 19:38:35'),(1746,NULL,1,NULL,'Creado por el movimiento 213','2013-08-25 19:38:35','2013-08-25 19:38:35'),(1747,NULL,1,NULL,'Creado por el movimiento 213','2013-08-25 19:38:35','2013-08-25 19:38:35'),(1748,NULL,1,NULL,'Creado por el movimiento 213','2013-08-25 19:38:35','2013-08-25 19:38:35'),(1749,NULL,1,NULL,'Creado por el movimiento 213','2013-08-25 19:38:35','2013-08-25 19:38:35'),(1750,NULL,1,NULL,'Creado por el movimiento 213','2013-08-25 19:38:35','2013-08-25 19:38:35'),(1751,NULL,1,NULL,'Creado por el movimiento 213','2013-08-25 19:38:35','2013-08-25 19:38:35'),(1752,NULL,1,NULL,'Creado por el movimiento 213','2013-08-25 19:38:35','2013-08-25 19:38:35'),(1753,NULL,1,NULL,'Creado por el movimiento 213','2013-08-25 19:38:35','2013-08-25 19:38:35'),(1754,NULL,1,NULL,'Creado por el movimiento 213','2013-08-25 19:38:35','2013-08-25 19:38:35'),(1755,NULL,1,NULL,'Creado por el movimiento 213','2013-08-25 19:38:35','2013-08-25 19:38:35'),(1756,NULL,1,NULL,'Creado por el movimiento 213','2013-08-25 19:38:35','2013-08-25 19:38:35'),(1757,NULL,1,NULL,'Creado por el movimiento 213','2013-08-25 19:38:35','2013-08-25 19:38:35'),(1758,NULL,1,NULL,'Creado por el movimiento 213','2013-08-25 19:38:35','2013-08-25 19:38:35'),(1759,NULL,1,NULL,'Creado por el movimiento 213','2013-08-25 19:38:35','2013-08-25 19:38:35'),(1760,NULL,1,NULL,'Creado por el movimiento 213','2013-08-25 19:38:35','2013-08-25 19:38:35'),(1761,NULL,1,NULL,'Creado por el movimiento 213','2013-08-25 19:38:36','2013-08-25 19:38:36'),(1762,NULL,1,NULL,'Creado por el movimiento 213','2013-08-25 19:38:36','2013-08-25 19:38:36'),(1763,NULL,1,NULL,'Creado por el movimiento 213','2013-08-25 19:38:36','2013-08-25 19:38:36'),(1764,NULL,1,NULL,'Creado por el movimiento 213','2013-08-25 19:38:36','2013-08-25 19:38:36'),(1765,NULL,1,NULL,'Creado por el movimiento 213','2013-08-25 19:38:36','2013-08-25 19:38:36'),(1766,NULL,1,NULL,'Creado por el movimiento 213','2013-08-25 19:38:36','2013-08-25 19:38:36'),(1767,NULL,1,NULL,'Creado por el movimiento 213','2013-08-25 19:38:36','2013-08-25 19:38:36'),(1768,NULL,1,NULL,'Creado por el movimiento 213','2013-08-25 19:38:36','2013-08-25 19:38:36'),(1769,NULL,1,NULL,'Creado por el movimiento 213','2013-08-25 19:38:36','2013-08-25 19:38:36'),(1770,NULL,1,NULL,'Creado por el movimiento 213','2013-08-25 19:38:36','2013-08-25 19:38:36'),(1771,NULL,1,NULL,'Creado por el movimiento 213','2013-08-25 19:38:36','2013-08-25 19:38:36'),(1772,NULL,1,NULL,'Creado por el movimiento 213','2013-08-25 19:38:36','2013-08-25 19:38:36'),(1773,NULL,1,NULL,'Creado por el movimiento 213','2013-08-25 19:38:36','2013-08-25 19:38:36'),(1774,NULL,1,NULL,'Creado por el movimiento 213','2013-08-25 19:38:36','2013-08-25 19:38:36'),(1775,NULL,1,NULL,'Creado por el movimiento 213','2013-08-25 19:38:36','2013-08-25 19:38:36'),(1776,NULL,1,NULL,'Creado por el movimiento 213','2013-08-25 19:38:36','2013-08-25 19:38:36'),(1777,NULL,1,NULL,'Creado por el movimiento 213','2013-08-25 19:38:36','2013-08-25 19:38:36'),(1778,NULL,1,NULL,'Creado por el movimiento 213','2013-08-25 19:38:36','2013-08-25 19:38:36'),(1779,NULL,1,NULL,'Creado por el movimiento 213','2013-08-25 19:38:36','2013-08-25 19:38:36'),(1780,NULL,1,NULL,'Creado por el movimiento 213','2013-08-25 19:38:36','2013-08-25 19:38:36'),(1781,NULL,1,NULL,'Creado por el movimiento 213','2013-08-25 19:38:36','2013-08-25 19:38:36'),(1782,NULL,1,NULL,'Creado por el movimiento 213','2013-08-25 19:38:36','2013-08-25 19:38:36'),(1783,NULL,1,NULL,'Creado por el movimiento 213','2013-08-25 19:38:36','2013-08-25 19:38:36'),(1784,NULL,1,NULL,'Creado por el movimiento 213','2013-08-25 19:38:36','2013-08-25 19:38:36'),(1785,NULL,1,NULL,'Creado por el movimiento 213','2013-08-25 19:38:36','2013-08-25 19:38:36'),(1786,NULL,1,NULL,'Creado por el movimiento 213','2013-08-25 19:38:37','2013-08-25 19:38:37'),(1787,NULL,1,NULL,'Creado por el movimiento 213','2013-08-25 19:38:37','2013-08-25 19:38:37'),(1788,NULL,1,NULL,'Creado por el movimiento 213','2013-08-25 19:38:37','2013-08-25 19:38:37'),(1789,NULL,1,NULL,'Creado por el movimiento 213','2013-08-25 19:38:37','2013-08-25 19:38:37'),(1790,NULL,1,NULL,'Creado por el movimiento 213','2013-08-25 19:38:37','2013-08-25 19:38:37'),(1791,NULL,1,NULL,'Creado por el movimiento 213','2013-08-25 19:38:37','2013-08-25 19:38:37'),(1792,NULL,1,NULL,'Creado por el movimiento 213','2013-08-25 19:38:37','2013-08-25 19:38:37'),(1793,NULL,1,NULL,'Creado por el movimiento 213','2013-08-25 19:38:37','2013-08-25 19:38:37'),(1794,NULL,1,NULL,'Creado por el movimiento 213','2013-08-25 19:38:37','2013-08-25 19:38:37'),(1795,NULL,1,NULL,'Creado por el movimiento 213','2013-08-25 19:38:37','2013-08-25 19:38:37'),(1796,NULL,1,NULL,'Creado por el movimiento 213','2013-08-25 19:38:37','2013-08-25 19:38:37'),(1797,NULL,1,NULL,'Creado por el movimiento 213','2013-08-25 19:38:37','2013-08-25 19:38:37'),(1798,NULL,1,NULL,'Creado por el movimiento 213','2013-08-25 19:38:37','2013-08-25 19:38:37'),(1799,NULL,1,NULL,'Creado por el movimiento 213','2013-08-25 19:38:37','2013-08-25 19:38:37'),(1800,NULL,1,NULL,'Creado por el movimiento 213','2013-08-25 19:38:37','2013-08-25 19:38:37'),(1801,NULL,1,NULL,'Creado por el movimiento 213','2013-08-25 19:38:37','2013-08-25 19:38:37'),(1802,NULL,1,NULL,'Creado por el movimiento 213','2013-08-25 19:38:37','2013-08-25 19:38:37'),(1803,NULL,1,NULL,'Creado por el movimiento 213','2013-08-25 19:38:37','2013-08-25 19:38:37'),(1804,NULL,1,NULL,'Creado por el movimiento 213','2013-08-25 19:38:37','2013-08-25 19:38:37'),(1805,NULL,1,NULL,'Creado por el movimiento 213','2013-08-25 19:38:37','2013-08-25 19:38:37'),(1806,NULL,1,NULL,'Creado por el movimiento 213','2013-08-25 19:38:37','2013-08-25 19:38:37'),(1807,NULL,1,NULL,'Creado por el movimiento 213','2013-08-25 19:38:37','2013-08-25 19:38:37'),(1808,NULL,1,NULL,'Creado por el movimiento 213','2013-08-25 19:38:37','2013-08-25 19:38:37'),(1809,NULL,1,NULL,'Creado por el movimiento 213','2013-08-25 19:38:37','2013-08-25 19:38:37'),(1810,NULL,1,NULL,'Creado por el movimiento 213','2013-08-25 19:38:37','2013-08-25 19:38:37'),(1811,NULL,1,NULL,'Creado por el movimiento 213','2013-08-25 19:38:37','2013-08-25 19:38:37'),(1812,NULL,1,NULL,'Creado por el movimiento 213','2013-08-25 19:38:38','2013-08-25 19:38:38'),(1813,NULL,1,NULL,'Creado por el movimiento 213','2013-08-25 19:38:38','2013-08-25 19:38:38'),(1814,NULL,1,NULL,'Creado por el movimiento 213','2013-08-25 19:38:38','2013-08-25 19:38:38'),(1815,NULL,1,NULL,'Creado por el movimiento 213','2013-08-25 19:38:38','2013-08-25 19:38:38'),(1816,NULL,1,NULL,'Creado por el movimiento 213','2013-08-25 19:38:38','2013-08-25 19:38:38'),(1817,NULL,1,NULL,'Creado por el movimiento 213','2013-08-25 19:38:38','2013-08-25 19:38:38'),(1818,NULL,1,NULL,'Creado por el movimiento 213','2013-08-25 19:38:38','2013-08-25 19:38:38'),(1819,NULL,1,NULL,'Creado por el movimiento 213','2013-08-25 19:38:38','2013-08-25 19:38:38'),(1820,NULL,1,NULL,'Creado por el movimiento 213','2013-08-25 19:38:38','2013-08-25 19:38:38'),(1821,NULL,1,NULL,'Creado por el movimiento 213','2013-08-25 19:38:38','2013-08-25 19:38:38'),(1822,NULL,1,NULL,'Creado por el movimiento 213','2013-08-25 19:38:38','2013-08-25 19:38:38'),(1823,NULL,1,NULL,'Creado por el movimiento 215','2013-09-03 21:40:07','2013-09-03 21:40:07');
/*!40000 ALTER TABLE `animals` ENABLE KEYS */;
UNLOCK TABLES;

--
-- Table structure for table `tareas`
--

DROP TABLE IF EXISTS `tareas`;
/*!40101 SET @saved_cs_client     = @@character_set_client */;
/*!40101 SET character_set_client = utf8 */;
CREATE TABLE `tareas` (
  `id` int(11) NOT NULL AUTO_INCREMENT,
  `fecha` date DEFAULT NULL,
  `titulo` varchar(255) COLLATE utf8_unicode_ci DEFAULT NULL,
  `desc` text COLLATE utf8_unicode_ci,
  `estado` int(11) DEFAULT NULL,
  `establecimiento_id` int(11) DEFAULT NULL,
  `created_at` datetime DEFAULT NULL,
  `updated_at` datetime DEFAULT NULL,
  PRIMARY KEY (`id`),
  KEY `index_tareas_on_establecimiento_id` (`establecimiento_id`)
) ENGINE=InnoDB AUTO_INCREMENT=7 DEFAULT CHARSET=utf8 COLLATE=utf8_unicode_ci;
/*!40101 SET character_set_client = @saved_cs_client */;

--
-- Dumping data for table `tareas`
--

LOCK TABLES `tareas` WRITE;
/*!40000 ALTER TABLE `tareas` DISABLE KEYS */;
INSERT INTO `tareas` VALUES (2,'2013-09-16','12321312','<ul>\r\n<li style=\"text-align: center;\">\r\n<h1>12321312</h1>\r\n</li>\r\n</ul>',2,11,'2013-09-16 16:19:09','2013-09-16 16:29:42'),(3,'2013-09-16','wqeqeqe','<p>qwewqeqweq</p>',0,11,'2013-09-16 16:42:08','2013-09-16 16:44:56'),(4,'2013-09-16','asdasdqasdsadasdsad','<p>sadsadsadasdsa</p>',1,11,'2013-09-16 16:42:22','2013-09-16 16:45:23'),(5,'2013-09-16','I.A.T.F. 2013','<h1>Se seleccionar&aacute;n las 120 madres paridas cabeza para realizar una IATF.&nbsp;</h1>\r\n<h1>Tareas a realizar:</h1>\r\n<ol>\r\n<li>\r\n<h1>Separar rodeo cabeza</h1>\r\n</li>\r\n<li>\r\n<h1>Chequear que la manga este ok</h1>\r\n</li>\r\n<li>\r\n<h1><strong>Que toros vamos a usar???</strong></h1>\r\n</li>\r\n<li>\r\n<h1>Cotizar pedido de insumos en villa y moreno&nbsp;</h1>\r\n</li>\r\n<li>\r\n<h1>Cotizar pedido de insumos en campo y asociados</h1>\r\n</li>\r\n<li>\r\n<h1>Hacer pedido&nbsp;</h1>\r\n</li>\r\n<li>\r\n<h1>Hablar con Nemi por si se quiere sumar</h1>\r\n</li>\r\n</ol>\r\n<p>&nbsp;</p>\r\n<p>Calcular insumos&nbsp;</p>\r\n<p><code>&lt;a hfer=\"app.slop.com.ar/IATF\"&gt;Calcular&lt;/a&gt;</code></p>\r\n<p>&nbsp;</p>\r\n<p>&nbsp;</p>\r\n<p>&nbsp;</p>\r\n<p>&nbsp;</p>',0,10,'2013-09-16 17:35:47','2013-09-16 18:45:36'),(6,'2013-09-18','Esto es para facu','<h1 style=\"text-align: center;\"><strong>HOLAAA PUCHOOOOOOOOOOOOOOOOOONNNNNNNNNN</strong></h1>',0,11,'2013-09-18 20:30:20','2013-09-18 20:30:20');
/*!40000 ALTER TABLE `tareas` ENABLE KEYS */;
UNLOCK TABLES;

--
-- Table structure for table `movorigens`
--

DROP TABLE IF EXISTS `movorigens`;
/*!40101 SET @saved_cs_client     = @@character_set_client */;
/*!40101 SET character_set_client = utf8 */;
CREATE TABLE `movorigens` (
  `id` int(11) NOT NULL AUTO_INCREMENT,
  `cat_ori` int(11) DEFAULT NULL,
  `est_ori` int(11) DEFAULT NULL,
  `rod_ori` int(11) DEFAULT NULL,
  `movimiento_id` int(11) DEFAULT NULL,
  `created_at` datetime NOT NULL,
  `updated_at` datetime NOT NULL,
  PRIMARY KEY (`id`),
  KEY `index_movorigens_on_movimiento_id` (`movimiento_id`)
) ENGINE=InnoDB AUTO_INCREMENT=118 DEFAULT CHARSET=utf8 COLLATE=utf8_unicode_ci;
/*!40101 SET character_set_client = @saved_cs_client */;

--
-- Dumping data for table `movorigens`
--

LOCK TABLES `movorigens` WRITE;
/*!40000 ALTER TABLE `movorigens` DISABLE KEYS */;
INSERT INTO `movorigens` VALUES (58,1,1,1,NULL,'2013-05-05 21:39:43','2013-05-05 21:39:43'),(59,1,1,1,NULL,'2013-05-05 21:42:44','2013-05-05 21:42:44'),(60,1,1,1,NULL,'2013-05-05 21:43:46','2013-05-05 21:43:46'),(61,1,1,1,NULL,'2013-05-05 21:47:18','2013-05-05 21:47:18'),(62,1,1,1,NULL,'2013-05-05 21:49:00','2013-05-05 21:49:00'),(63,1,1,1,NULL,'2013-05-05 21:50:31','2013-05-05 21:50:31'),(64,1,1,1,NULL,'2013-05-07 12:38:23','2013-05-07 12:38:23'),(65,1,1,1,NULL,'2013-05-07 12:39:29','2013-05-07 12:39:29'),(100,1,1,1,171,'2013-07-26 22:00:33','2013-07-26 22:00:33'),(101,1,1,1,172,'2013-07-26 22:02:00','2013-07-26 22:02:00'),(102,1,1,1,173,'2013-07-26 22:03:14','2013-07-26 22:03:14'),(103,1,1,1,174,'2013-07-26 22:03:38','2013-07-26 22:03:38'),(104,1,1,1,175,'2013-07-26 22:03:59','2013-07-26 22:03:59'),(105,1,1,1,176,'2013-07-26 22:04:19','2013-07-26 22:04:19'),(106,2,1,2,177,'2013-07-26 22:05:03','2013-07-26 22:05:03'),(107,2,1,2,178,'2013-07-26 22:05:32','2013-07-26 22:05:32'),(108,6,1,2,179,'2013-07-26 22:06:10','2013-07-26 22:06:10'),(109,6,1,2,180,'2013-07-26 22:06:35','2013-07-26 22:06:35'),(114,1,2,1,193,'2013-08-01 03:56:29','2013-08-01 03:56:29'),(115,1,2,1,194,'2013-08-01 03:56:29','2013-08-01 03:56:29'),(116,1,2,1,213,'2013-08-25 19:38:39','2013-08-25 19:38:39'),(117,1,2,1,214,'2013-08-25 19:38:39','2013-08-25 19:38:39');
/*!40000 ALTER TABLE `movorigens` ENABLE KEYS */;
UNLOCK TABLES;

--
-- Table structure for table `empresas`
--

DROP TABLE IF EXISTS `empresas`;
/*!40101 SET @saved_cs_client     = @@character_set_client */;
/*!40101 SET character_set_client = utf8 */;
CREATE TABLE `empresas` (
  `id` int(11) NOT NULL AUTO_INCREMENT,
  `codigo` varchar(255) COLLATE utf8_unicode_ci DEFAULT NULL,
  `nombre` varchar(255) COLLATE utf8_unicode_ci DEFAULT NULL,
  `created_at` datetime DEFAULT NULL,
  `updated_at` datetime DEFAULT NULL,
  PRIMARY KEY (`id`)
) ENGINE=InnoDB AUTO_INCREMENT=7 DEFAULT CHARSET=utf8 COLLATE=utf8_unicode_ci;
/*!40101 SET character_set_client = @saved_cs_client */;

--
-- Dumping data for table `empresas`
--

LOCK TABLES `empresas` WRITE;
/*!40000 ALTER TABLE `empresas` DISABLE KEYS */;
INSERT INTO `empresas` VALUES (2,'LF','LESCANO, MARÍA FELISA','2013-08-15 17:14:21','2013-08-15 17:14:21'),(4,'AE','ESTEVES, ALFREDO','2013-08-15 17:16:51','2013-08-15 17:16:51'),(5,'PRUEBA','PRUEBA','2013-08-15 18:57:13','2013-08-30 16:48:38'),(6,'RF','RANCHO FOJO','2013-08-30 16:48:24','2013-08-30 16:48:24');
/*!40000 ALTER TABLE `empresas` ENABLE KEYS */;
UNLOCK TABLES;

--
-- Table structure for table `aplicaciones`
--

DROP TABLE IF EXISTS `aplicaciones`;
/*!40101 SET @saved_cs_client     = @@character_set_client */;
/*!40101 SET character_set_client = utf8 */;
CREATE TABLE `aplicaciones` (
  `id` int(11) NOT NULL AUTO_INCREMENT,
  `cuota_id` int(11) DEFAULT NULL,
  `transaccion_id` int(11) DEFAULT NULL,
  `importe` decimal(12,2) DEFAULT NULL,
  `created_at` datetime DEFAULT NULL,
  `updated_at` datetime DEFAULT NULL,
  `cuota6` int(11) DEFAULT NULL,
  `cuota9` int(11) DEFAULT NULL,
  PRIMARY KEY (`id`),
  KEY `index_aplicaciones_on_cuota_id` (`cuota_id`),
  KEY `index_aplicaciones_on_transaccion_id` (`transaccion_id`),
  KEY `index_aplicaciones_on_cuota6` (`cuota6`),
  KEY `index_aplicaciones_on_cuota9` (`cuota9`)
) ENGINE=InnoDB AUTO_INCREMENT=39 DEFAULT CHARSET=utf8 COLLATE=utf8_unicode_ci;
/*!40101 SET character_set_client = @saved_cs_client */;

--
-- Dumping data for table `aplicaciones`
--

LOCK TABLES `aplicaciones` WRITE;
/*!40000 ALTER TABLE `aplicaciones` DISABLE KEYS */;
INSERT INTO `aplicaciones` VALUES (13,NULL,NULL,1500.00,'2013-09-27 18:35:45','2013-09-27 18:35:45',386,389),(14,NULL,NULL,1500.00,'2013-09-27 18:40:51','2013-09-27 18:40:51',388,392),(15,NULL,NULL,1500.00,'2013-09-27 18:41:30','2013-09-27 18:41:30',387,396),(16,NULL,NULL,250.00,'2013-09-27 19:08:38','2013-09-27 19:08:38',397,406),(17,NULL,NULL,250.00,'2013-09-27 19:09:11','2013-09-27 19:09:11',397,411),(18,NULL,NULL,250.00,'2013-09-27 22:39:40','2013-09-27 22:39:40',398,412),(19,NULL,NULL,250.00,'2013-09-27 22:43:06','2013-09-27 22:43:06',399,412),(20,NULL,NULL,250.00,'2013-09-27 22:49:46','2013-09-27 22:49:46',400,412),(21,NULL,NULL,100.00,'2013-09-27 22:54:38','2013-09-27 22:54:38',413,418),(22,NULL,NULL,100.00,'2013-09-27 22:54:38','2013-09-27 22:54:38',414,418),(23,NULL,NULL,100.00,'2013-09-27 22:54:38','2013-09-27 22:54:38',415,418),(24,NULL,NULL,37.50,'2013-09-27 23:04:51','2013-09-27 23:04:51',419,412),(25,NULL,NULL,37.50,'2013-09-27 23:16:42','2013-09-27 23:16:42',420,412),(26,NULL,NULL,37.50,'2013-09-27 23:17:55','2013-09-27 23:17:55',421,412),(27,NULL,NULL,37.50,'2013-09-27 23:32:17','2013-09-27 23:32:17',423,412),(28,NULL,NULL,37.50,'2013-09-27 23:33:18','2013-09-27 23:33:18',426,412),(29,NULL,NULL,37.50,'2013-09-27 23:33:41','2013-09-27 23:33:41',424,412),(30,NULL,NULL,37.50,'2013-09-27 23:33:41','2013-09-27 23:33:41',430,412),(31,NULL,NULL,37.50,'2013-09-27 23:33:41','2013-09-27 23:33:41',432,412),(32,NULL,NULL,37.50,'2013-09-27 23:34:35','2013-09-27 23:34:35',422,439),(33,NULL,NULL,37.50,'2013-09-27 23:34:35','2013-09-27 23:34:35',431,439),(34,NULL,NULL,37.50,'2013-09-27 23:34:35','2013-09-27 23:34:35',433,439),(35,NULL,NULL,37.50,'2013-09-27 23:34:44','2013-09-27 23:34:44',428,439),(36,NULL,NULL,37.50,'2013-09-27 23:34:44','2013-09-27 23:34:44',435,439),(37,NULL,NULL,37.50,'2013-09-27 23:34:44','2013-09-27 23:34:44',437,439),(38,NULL,NULL,3100.00,'2013-09-29 17:44:33','2013-09-29 17:44:33',440,444);
/*!40000 ALTER TABLE `aplicaciones` ENABLE KEYS */;
UNLOCK TABLES;

--
-- Table structure for table `eventotipos`
--

DROP TABLE IF EXISTS `eventotipos`;
/*!40101 SET @saved_cs_client     = @@character_set_client */;
/*!40101 SET character_set_client = utf8 */;
CREATE TABLE `eventotipos` (
  `id` int(11) NOT NULL AUTO_INCREMENT,
  `codigo` int(11) DEFAULT NULL,
  `nombre` varchar(255) COLLATE utf8_unicode_ci DEFAULT NULL,
  `desc` text COLLATE utf8_unicode_ci,
  `created_at` datetime DEFAULT NULL,
  `updated_at` datetime DEFAULT NULL,
  PRIMARY KEY (`id`)
) ENGINE=InnoDB AUTO_INCREMENT=2 DEFAULT CHARSET=utf8 COLLATE=utf8_unicode_ci;
/*!40101 SET character_set_client = @saved_cs_client */;

--
-- Dumping data for table `eventotipos`
--

LOCK TABLES `eventotipos` WRITE;
/*!40000 ALTER TABLE `eventotipos` DISABLE KEYS */;
INSERT INTO `eventotipos` VALUES (1,1,'LLuvia','','2013-10-02 00:05:07','2013-10-02 00:05:07');
/*!40000 ALTER TABLE `eventotipos` ENABLE KEYS */;
UNLOCK TABLES;

--
-- Table structure for table `estados`
--

DROP TABLE IF EXISTS `estados`;
/*!40101 SET @saved_cs_client     = @@character_set_client */;
/*!40101 SET character_set_client = utf8 */;
CREATE TABLE `estados` (
  `id` int(11) NOT NULL AUTO_INCREMENT,
  `nombre` varchar(255) COLLATE utf8_unicode_ci DEFAULT NULL,
  `desc` varchar(255) COLLATE utf8_unicode_ci DEFAULT NULL,
  `created_at` datetime NOT NULL,
  `updated_at` datetime NOT NULL,
  PRIMARY KEY (`id`)
) ENGINE=InnoDB AUTO_INCREMENT=13 DEFAULT CHARSET=utf8 COLLATE=utf8_unicode_ci;
/*!40101 SET character_set_client = @saved_cs_client */;

--
-- Dumping data for table `estados`
--

LOCK TABLES `estados` WRITE;
/*!40000 ALTER TABLE `estados` DISABLE KEYS */;
INSERT INTO `estados` VALUES (1,' SERVICIO','','2013-04-02 15:32:17','2013-07-27 13:39:45'),(2,'PREÑADA','','2013-04-02 15:32:25','2013-04-02 15:32:25'),(3,'VACIA','','2013-04-02 15:32:31','2013-04-02 15:32:31'),(4,'CRIA AL PIE','','2013-04-02 15:32:40','2013-04-02 15:32:40'),(5,'SECA','','2013-04-02 15:32:49','2013-04-02 15:32:49'),(6,'AL PIE','','2013-04-02 15:32:57','2013-04-02 15:32:57'),(7,'SEÑALADO','','2013-04-02 15:33:03','2013-04-02 15:33:03'),(8,'DESTETADO','','2013-04-02 15:33:09','2013-04-02 15:33:09'),(9,'DESCARTE','','2013-04-13 20:01:27','2013-04-13 20:01:27'),(10,'DESCANSO','','2013-04-13 20:01:29','2013-04-13 20:02:15'),(11,'PREÑADA VENTA','','2013-07-26 21:50:39','2013-07-26 21:50:39'),(12,'RECRIA','','2013-08-01 00:23:19','2013-08-01 00:23:19');
/*!40000 ALTER TABLE `estados` ENABLE KEYS */;
UNLOCK TABLES;

--
-- Table structure for table `cuotas`
--

DROP TABLE IF EXISTS `cuotas`;
/*!40101 SET @saved_cs_client     = @@character_set_client */;
/*!40101 SET character_set_client = utf8 */;
CREATE TABLE `cuotas` (
  `id` int(11) NOT NULL AUTO_INCREMENT,
  `fecha` date DEFAULT NULL,
  `cuota` int(11) DEFAULT NULL,
  `importe` decimal(12,2) DEFAULT NULL,
  `transaccion_id` int(11) DEFAULT NULL,
  `created_at` datetime DEFAULT NULL,
  `updated_at` datetime DEFAULT NULL,
  `desc` text COLLATE utf8_unicode_ci,
  `empresa_id` int(11) DEFAULT NULL,
  `tipo` int(11) DEFAULT NULL,
  PRIMARY KEY (`id`),
  KEY `index_cuotas_on_transaccion_id` (`transaccion_id`),
  KEY `index_cuotas_on_empresa_id` (`empresa_id`),
  KEY `index_cuotas_on_tipo` (`tipo`)
) ENGINE=InnoDB AUTO_INCREMENT=445 DEFAULT CHARSET=utf8 COLLATE=utf8_unicode_ci;
/*!40101 SET character_set_client = @saved_cs_client */;

--
-- Dumping data for table `cuotas`
--

LOCK TABLES `cuotas` WRITE;
/*!40000 ALTER TABLE `cuotas` DISABLE KEYS */;
INSERT INTO `cuotas` VALUES (386,'2013-09-27',1,1500.00,134,'2013-09-27 18:35:16','2013-09-27 18:35:16','C-1: Porbando cierre',5,6),(387,'2013-10-27',2,1500.00,134,'2013-09-27 18:35:17','2013-09-27 18:35:17','C-2: Porbando cierre',5,6),(388,'2013-09-27',1,1500.00,135,'2013-09-27 18:35:45','2013-09-27 18:35:45','C-1: dsadasd',5,6),(389,'2013-09-27',0,1500.00,135,'2013-09-27 18:35:45','2013-09-27 18:35:45','CT: dsadasd',5,9),(390,'2013-09-27',1,750.00,136,'2013-09-27 18:40:50','2013-09-27 18:40:50','C-1: dsadasda',5,6),(391,'2013-10-27',2,750.00,136,'2013-09-27 18:40:50','2013-09-27 18:40:50','C-2: dsadasda',5,6),(392,'2013-09-27',0,1500.00,136,'2013-09-27 18:40:51','2013-09-27 18:40:51','CT: dsadasda',5,9),(393,'2013-09-27',1,500.00,137,'2013-09-27 18:41:30','2013-09-27 18:41:30','C-1: kjkjkjh',5,6),(394,'2013-10-27',2,500.00,137,'2013-09-27 18:41:30','2013-09-27 18:41:30','C-2: kjkjkjh',5,6),(395,'2013-11-27',3,500.00,137,'2013-09-27 18:41:30','2013-09-27 18:41:30','C-3: kjkjkjh',5,6),(396,'2013-09-27',0,1500.00,137,'2013-09-27 18:41:30','2013-09-27 18:41:30','CT: kjkjkjh',5,9),(397,'2013-09-27',1,250.00,138,'2013-09-27 19:08:12','2013-09-27 19:08:12','C-1: Probando',5,6),(398,'2013-10-27',2,250.00,138,'2013-09-27 19:08:12','2013-09-27 19:08:12','C-2: Probando',5,6),(399,'2013-11-27',3,250.00,138,'2013-09-27 19:08:12','2013-09-27 19:08:12','C-3: Probando',5,6),(400,'2013-12-27',4,250.00,138,'2013-09-27 19:08:12','2013-09-27 19:08:12','C-4: Probando',5,6),(407,'2013-09-27',1,62.50,139,'2013-09-27 19:09:10','2013-09-27 19:09:10','C-1: prbandoooo',5,6),(408,'2013-10-27',2,62.50,139,'2013-09-27 19:09:10','2013-09-27 19:09:10','C-2: prbandoooo',5,6),(409,'2013-11-27',3,62.50,139,'2013-09-27 19:09:10','2013-09-27 19:09:10','C-3: prbandoooo',5,6),(410,'2013-12-27',4,62.50,139,'2013-09-27 19:09:10','2013-09-27 19:09:10','C-4: prbandoooo',5,6),(411,'2013-09-27',0,250.00,139,'2013-09-27 19:09:11','2013-09-27 19:09:11','CT: prbandoooo',5,9),(412,'2013-09-27',0,1000.00,140,'2013-09-27 21:36:05','2013-09-27 21:36:05','CT: adelanto de tarjeta',5,9),(413,'2013-09-27',1,100.00,141,'2013-09-27 22:53:32','2013-09-27 22:53:32','C-1: Cuotas del super',5,6),(414,'2013-10-27',2,100.00,141,'2013-09-27 22:53:32','2013-09-27 22:53:32','C-2: Cuotas del super',5,6),(415,'2013-11-27',3,100.00,141,'2013-09-27 22:53:32','2013-09-27 22:53:32','C-3: Cuotas del super',5,6),(416,'2013-12-27',4,100.00,141,'2013-09-27 22:53:32','2013-09-27 22:53:32','C-4: Cuotas del super',5,6),(417,'2014-01-27',5,100.00,141,'2013-09-27 22:53:32','2013-09-27 22:53:32','C-5: Cuotas del super',5,6),(418,'2013-09-27',0,300.00,142,'2013-09-27 22:53:53','2013-09-27 22:53:53','CT: adelanto de tarjeta',5,9),(419,'2013-09-27',1,37.50,143,'2013-09-27 23:04:31','2013-09-27 23:04:31','C-1: jejejej',5,6),(420,'2013-10-27',2,37.50,143,'2013-09-27 23:04:31','2013-09-27 23:04:31','C-2: jejejej',5,6),(421,'2013-11-27',3,37.50,143,'2013-09-27 23:04:31','2013-09-27 23:04:31','C-3: jejejej',5,6),(422,'2013-12-27',4,37.50,143,'2013-09-27 23:04:31','2013-09-27 23:04:31','C-4: jejejej',5,6),(423,'2014-01-27',5,37.50,143,'2013-09-27 23:04:31','2013-09-27 23:04:31','C-5: jejejej',5,6),(424,'2014-02-27',6,37.50,143,'2013-09-27 23:04:31','2013-09-27 23:04:31','C-6: jejejej',5,6),(425,'2014-03-27',7,37.50,143,'2013-09-27 23:04:31','2013-09-27 23:04:31','C-7: jejejej',5,6),(426,'2014-04-27',8,37.50,143,'2013-09-27 23:04:32','2013-09-27 23:04:32','C-8: jejejej',5,6),(427,'2014-05-27',9,37.50,143,'2013-09-27 23:04:32','2013-09-27 23:04:32','C-9: jejejej',5,6),(428,'2014-06-27',10,37.50,143,'2013-09-27 23:04:32','2013-09-27 23:04:32','C-10: jejejej',5,6),(429,'2014-07-27',11,37.50,143,'2013-09-27 23:04:32','2013-09-27 23:04:32','C-11: jejejej',5,6),(430,'2014-08-27',12,37.50,143,'2013-09-27 23:04:32','2013-09-27 23:04:32','C-12: jejejej',5,6),(431,'2014-09-27',13,37.50,143,'2013-09-27 23:04:32','2013-09-27 23:04:32','C-13: jejejej',5,6),(432,'2014-10-27',14,37.50,143,'2013-09-27 23:04:32','2013-09-27 23:04:32','C-14: jejejej',5,6),(433,'2014-11-27',15,37.50,143,'2013-09-27 23:04:32','2013-09-27 23:04:32','C-15: jejejej',5,6),(434,'2014-12-27',16,37.50,143,'2013-09-27 23:04:32','2013-09-27 23:04:32','C-16: jejejej',5,6),(435,'2015-01-27',17,37.50,143,'2013-09-27 23:04:32','2013-09-27 23:04:32','C-17: jejejej',5,6),(436,'2015-02-27',18,37.50,143,'2013-09-27 23:04:32','2013-09-27 23:04:32','C-18: jejejej',5,6),(437,'2015-03-27',19,37.50,143,'2013-09-27 23:04:32','2013-09-27 23:04:32','C-19: jejejej',5,6),(438,'2015-04-27',20,37.50,143,'2013-09-27 23:04:32','2013-09-27 23:04:32','C-20: jejejej',5,6),(439,'2013-09-27',0,400.00,144,'2013-09-27 23:34:14','2013-09-27 23:34:14','CT: cargar saldo',5,9),(440,'2013-09-29',1,3100.00,147,'2013-09-29 17:43:40','2013-09-29 17:43:40','C-1: alq',6,6),(441,'2013-10-29',2,3100.00,147,'2013-09-29 17:43:40','2013-09-29 17:43:40','C-2: alq',6,6),(442,'2013-11-29',3,3100.00,147,'2013-09-29 17:43:40','2013-09-29 17:43:40','C-3: alq',6,6),(443,'2013-09-29',1,3100.00,148,'2013-09-29 17:44:32','2013-09-29 17:44:32','C-1: eddq',6,6),(444,'2013-09-29',0,3100.00,148,'2013-09-29 17:44:33','2013-09-29 17:44:33','CT: eddq',6,9);
/*!40000 ALTER TABLE `cuotas` ENABLE KEYS */;
UNLOCK TABLES;

--
-- Table structure for table `cat_tipos_estados`
--

DROP TABLE IF EXISTS `cat_tipos_estados`;
/*!40101 SET @saved_cs_client     = @@character_set_client */;
/*!40101 SET character_set_client = utf8 */;
CREATE TABLE `cat_tipos_estados` (
  `cat_tipo_id` int(11) DEFAULT NULL,
  `estado_id` int(11) DEFAULT NULL,
  KEY `index_cat_tipos_estados_on_cat_tipo_id_and_estado_id` (`cat_tipo_id`,`estado_id`),
  KEY `index_cat_tipos_estados_on_estado_id_and_cat_tipo_id` (`estado_id`,`cat_tipo_id`)
) ENGINE=InnoDB DEFAULT CHARSET=utf8 COLLATE=utf8_unicode_ci;
/*!40101 SET character_set_client = @saved_cs_client */;

--
-- Dumping data for table `cat_tipos_estados`
--

LOCK TABLES `cat_tipos_estados` WRITE;
/*!40000 ALTER TABLE `cat_tipos_estados` DISABLE KEYS */;
INSERT INTO `cat_tipos_estados` VALUES (1,1),(1,2),(1,3),(1,4),(1,5),(1,11),(2,6),(2,7),(2,8),(3,1),(3,9),(3,10),(4,12);
/*!40000 ALTER TABLE `cat_tipos_estados` ENABLE KEYS */;
UNLOCK TABLES;
/*!40103 SET TIME_ZONE=@OLD_TIME_ZONE */;

/*!40101 SET SQL_MODE=@OLD_SQL_MODE */;
/*!40014 SET FOREIGN_KEY_CHECKS=@OLD_FOREIGN_KEY_CHECKS */;
/*!40014 SET UNIQUE_CHECKS=@OLD_UNIQUE_CHECKS */;
/*!40101 SET CHARACTER_SET_CLIENT=@OLD_CHARACTER_SET_CLIENT */;
/*!40101 SET CHARACTER_SET_RESULTS=@OLD_CHARACTER_SET_RESULTS */;
/*!40101 SET COLLATION_CONNECTION=@OLD_COLLATION_CONNECTION */;
/*!40111 SET SQL_NOTES=@OLD_SQL_NOTES */;

-- Dump completed on 2013-10-02 17:22:24
